[{"model": "auth.permission", "pk": 1, "fields": {"name": "Can add log entry", "content_type": 1, "codename": "add_logentry"}}, {"model": "auth.permission", "pk": 2, "fields": {"name": "Can change log entry", "content_type": 1, "codename": "change_logentry"}}, {"model": "auth.permission", "pk": 3, "fields": {"name": "Can delete log entry", "content_type": 1, "codename": "delete_logentry"}}, {"model": "auth.permission", "pk": 4, "fields": {"name": "Can view log entry", "content_type": 1, "codename": "view_logentry"}}, {"model": "auth.permission", "pk": 5, "fields": {"name": "Can add permission", "content_type": 2, "codename": "add_permission"}}, {"model": "auth.permission", "pk": 6, "fields": {"name": "Can change permission", "content_type": 2, "codename": "change_permission"}}, {"model": "auth.permission", "pk": 7, "fields": {"name": "Can delete permission", "content_type": 2, "codename": "delete_permission"}}, {"model": "auth.permission", "pk": 8, "fields": {"name": "Can view permission", "content_type": 2, "codename": "view_permission"}}, {"model": "auth.permission", "pk": 9, "fields": {"name": "Can add group", "content_type": 3, "codename": "add_group"}}, {"model": "auth.permission", "pk": 10, "fields": {"name": "Can change group", "content_type": 3, "codename": "change_group"}}, {"model": "auth.permission", "pk": 11, "fields": {"name": "Can delete group", "content_type": 3, "codename": "delete_group"}}, {"model": "auth.permission", "pk": 12, "fields": {"name": "Can view group", "content_type": 3, "codename": "view_group"}}, {"model": "auth.permission", "pk": 13, "fields": {"name": "Can add content type", "content_type": 4, "codename": "add_contenttype"}}, {"model": "auth.permission", "pk": 14, "fields": {"name": "Can change content type", "content_type": 4, "codename": "change_contenttype"}}, {"model": "auth.permission", "pk": 15, "fields": {"name": "Can delete content type", "content_type": 4, "codename": "delete_contenttype"}}, {"model": "auth.permission", "pk": 16, "fields": {"name": "Can view content type", "content_type": 4, "codename": "view_contenttype"}}, {"model": "auth.permission", "pk": 17, "fields": {"name": "Can add session", "content_type": 5, "codename": "add_session"}}, {"model": "auth.permission", "pk": 18, "fields": {"name": "Can change session", "content_type": 5, "codename": "change_session"}}, {"model": "auth.permission", "pk": 19, "fields": {"name": "Can delete session", "content_type": 5, "codename": "delete_session"}}, {"model": "auth.permission", "pk": 20, "fields": {"name": "Can view session", "content_type": 5, "codename": "view_session"}}, {"model": "auth.permission", "pk": 21, "fields": {"name": "Can add user", "content_type": 6, "codename": "add_user"}}, {"model": "auth.permission", "pk": 22, "fields": {"name": "Can change user", "content_type": 6, "codename": "change_user"}}, {"model": "auth.permission", "pk": 23, "fields": {"name": "Can delete user", "content_type": 6, "codename": "delete_user"}}, {"model": "auth.permission", "pk": 24, "fields": {"name": "Can view user", "content_type": 6, "codename": "view_user"}}, {"model": "auth.permission", "pk": 25, "fields": {"name": "Can add company", "content_type": 7, "codename": "add_company"}}, {"model": "auth.permission", "pk": 26, "fields": {"name": "Can change company", "content_type": 7, "codename": "change_company"}}, {"model": "auth.permission", "pk": 27, "fields": {"name": "Can delete company", "content_type": 7, "codename": "delete_company"}}, {"model": "auth.permission", "pk": 28, "fields": {"name": "Can view company", "content_type": 7, "codename": "view_company"}}, {"model": "auth.permission", "pk": 29, "fields": {"name": "Can add design category", "content_type": 8, "codename": "add_designcategory"}}, {"model": "auth.permission", "pk": 30, "fields": {"name": "Can change design category", "content_type": 8, "codename": "change_designcategory"}}, {"model": "auth.permission", "pk": 31, "fields": {"name": "Can delete design category", "content_type": 8, "codename": "delete_designcategory"}}, {"model": "auth.permission", "pk": 32, "fields": {"name": "Can view design category", "content_type": 8, "codename": "view_designcategory"}}, {"model": "auth.permission", "pk": 33, "fields": {"name": "Can add project", "content_type": 9, "codename": "add_project"}}, {"model": "auth.permission", "pk": 34, "fields": {"name": "Can change project", "content_type": 9, "codename": "change_project"}}, {"model": "auth.permission", "pk": 35, "fields": {"name": "Can delete project", "content_type": 9, "codename": "delete_project"}}, {"model": "auth.permission", "pk": 36, "fields": {"name": "Can view project", "content_type": 9, "codename": "view_project"}}, {"model": "auth.permission", "pk": 37, "fields": {"name": "Can add role", "content_type": 10, "codename": "add_role"}}, {"model": "auth.permission", "pk": 38, "fields": {"name": "Can change role", "content_type": 10, "codename": "change_role"}}, {"model": "auth.permission", "pk": 39, "fields": {"name": "Can delete role", "content_type": 10, "codename": "delete_role"}}, {"model": "auth.permission", "pk": 40, "fields": {"name": "Can view role", "content_type": 10, "codename": "view_role"}}, {"model": "auth.permission", "pk": 41, "fields": {"name": "Can add task", "content_type": 11, "codename": "add_task"}}, {"model": "auth.permission", "pk": 42, "fields": {"name": "Can change task", "content_type": 11, "codename": "change_task"}}, {"model": "auth.permission", "pk": 43, "fields": {"name": "Can delete task", "content_type": 11, "codename": "delete_task"}}, {"model": "auth.permission", "pk": 44, "fields": {"name": "Can view task", "content_type": 11, "codename": "view_task"}}, {"model": "auth.permission", "pk": 45, "fields": {"name": "Can add project task", "content_type": 12, "codename": "add_projecttask"}}, {"model": "auth.permission", "pk": 46, "fields": {"name": "Can change project task", "content_type": 12, "codename": "change_projecttask"}}, {"model": "auth.permission", "pk": 47, "fields": {"name": "Can delete project task", "content_type": 12, "codename": "delete_projecttask"}}, {"model": "auth.permission", "pk": 48, "fields": {"name": "Can view project task", "content_type": 12, "codename": "view_projecttask"}}, {"model": "auth.permission", "pk": 49, "fields": {"name": "Can add project role", "content_type": 13, "codename": "add_projectrole"}}, {"model": "auth.permission", "pk": 50, "fields": {"name": "Can change project role", "content_type": 13, "codename": "change_projectrole"}}, {"model": "auth.permission", "pk": 51, "fields": {"name": "Can delete project role", "content_type": 13, "codename": "delete_projectrole"}}, {"model": "auth.permission", "pk": 52, "fields": {"name": "Can view project role", "content_type": 13, "codename": "view_projectrole"}}, {"model": "auth.permission", "pk": 53, "fields": {"name": "Can add company", "content_type": 14, "codename": "add_company"}}, {"model": "auth.permission", "pk": 54, "fields": {"name": "Can change company", "content_type": 14, "codename": "change_company"}}, {"model": "auth.permission", "pk": 55, "fields": {"name": "Can delete company", "content_type": 14, "codename": "delete_company"}}, {"model": "auth.permission", "pk": 56, "fields": {"name": "Can view company", "content_type": 14, "codename": "view_company"}}, {"model": "auth.permission", "pk": 57, "fields": {"name": "Can add discipline", "content_type": 15, "codename": "add_discipline"}}, {"model": "auth.permission", "pk": 58, "fields": {"name": "Can change discipline", "content_type": 15, "codename": "change_discipline"}}, {"model": "auth.permission", "pk": 59, "fields": {"name": "Can delete discipline", "content_type": 15, "codename": "delete_discipline"}}, {"model": "auth.permission", "pk": 60, "fields": {"name": "Can view discipline", "content_type": 15, "codename": "view_discipline"}}, {"model": "auth.permission", "pk": 61, "fields": {"name": "Can add discipline category", "content_type": 16, "codename": "add_disciplinecategory"}}, {"model": "auth.permission", "pk": 62, "fields": {"name": "Can change discipline category", "content_type": 16, "codename": "change_disciplinecategory"}}, {"model": "auth.permission", "pk": 63, "fields": {"name": "Can delete discipline category", "content_type": 16, "codename": "delete_disciplinecategory"}}, {"model": "auth.permission", "pk": 64, "fields": {"name": "Can view discipline category", "content_type": 16, "codename": "view_disciplinecategory"}}, {"model": "auth.permission", "pk": 65, "fields": {"name": "Can add project", "content_type": 17, "codename": "add_project"}}, {"model": "auth.permission", "pk": 66, "fields": {"name": "Can change project", "content_type": 17, "codename": "change_project"}}, {"model": "auth.permission", "pk": 67, "fields": {"name": "Can delete project", "content_type": 17, "codename": "delete_project"}}, {"model": "auth.permission", "pk": 68, "fields": {"name": "Can view project", "content_type": 17, "codename": "view_project"}}, {"model": "auth.permission", "pk": 69, "fields": {"name": "Can add project scale", "content_type": 18, "codename": "add_projectscale"}}, {"model": "auth.permission", "pk": 70, "fields": {"name": "Can change project scale", "content_type": 18, "codename": "change_projectscale"}}, {"model": "auth.permission", "pk": 71, "fields": {"name": "Can delete project scale", "content_type": 18, "codename": "delete_projectscale"}}, {"model": "auth.permission", "pk": 72, "fields": {"name": "Can view project scale", "content_type": 18, "codename": "view_projectscale"}}, {"model": "auth.permission", "pk": 73, "fields": {"name": "Can add role", "content_type": 19, "codename": "add_role"}}, {"model": "auth.permission", "pk": 74, "fields": {"name": "Can change role", "content_type": 19, "codename": "change_role"}}, {"model": "auth.permission", "pk": 75, "fields": {"name": "Can delete role", "content_type": 19, "codename": "delete_role"}}, {"model": "auth.permission", "pk": 76, "fields": {"name": "Can view role", "content_type": 19, "codename": "view_role"}}, {"model": "auth.permission", "pk": 77, "fields": {"name": "Can add task type", "content_type": 20, "codename": "add_tasktype"}}, {"model": "auth.permission", "pk": 78, "fields": {"name": "Can change task type", "content_type": 20, "codename": "change_tasktype"}}, {"model": "auth.permission", "pk": 79, "fields": {"name": "Can delete task type", "content_type": 20, "codename": "delete_tasktype"}}, {"model": "auth.permission", "pk": 80, "fields": {"name": "Can view task type", "content_type": 20, "codename": "view_tasktype"}}, {"model": "auth.permission", "pk": 81, "fields": {"name": "Can add task member", "content_type": 21, "codename": "add_taskmember"}}, {"model": "auth.permission", "pk": 82, "fields": {"name": "Can change task member", "content_type": 21, "codename": "change_taskmember"}}, {"model": "auth.permission", "pk": 83, "fields": {"name": "Can delete task member", "content_type": 21, "codename": "delete_taskmember"}}, {"model": "auth.permission", "pk": 84, "fields": {"name": "Can view task member", "content_type": 21, "codename": "view_taskmember"}}, {"model": "auth.permission", "pk": 85, "fields": {"name": "Can add task leader", "content_type": 22, "codename": "add_taskleader"}}, {"model": "auth.permission", "pk": 86, "fields": {"name": "Can change task leader", "content_type": 22, "codename": "change_taskleader"}}, {"model": "auth.permission", "pk": 87, "fields": {"name": "Can delete task leader", "content_type": 22, "codename": "delete_taskleader"}}, {"model": "auth.permission", "pk": 88, "fields": {"name": "Can view task leader", "content_type": 22, "codename": "view_taskleader"}}, {"model": "auth.permission", "pk": 89, "fields": {"name": "Can add task", "content_type": 23, "codename": "add_task"}}, {"model": "auth.permission", "pk": 90, "fields": {"name": "Can change task", "content_type": 23, "codename": "change_task"}}, {"model": "auth.permission", "pk": 91, "fields": {"name": "Can delete task", "content_type": 23, "codename": "delete_task"}}, {"model": "auth.permission", "pk": 92, "fields": {"name": "Can view task", "content_type": 23, "codename": "view_task"}}, {"model": "auth.permission", "pk": 93, "fields": {"name": "Can add project task", "content_type": 24, "codename": "add_projecttask"}}, {"model": "auth.permission", "pk": 94, "fields": {"name": "Can change project task", "content_type": 24, "codename": "change_projecttask"}}, {"model": "auth.permission", "pk": 95, "fields": {"name": "Can delete project task", "content_type": 24, "codename": "delete_projecttask"}}, {"model": "auth.permission", "pk": 96, "fields": {"name": "Can view project task", "content_type": 24, "codename": "view_projecttask"}}, {"model": "auth.permission", "pk": 97, "fields": {"name": "Can add project role", "content_type": 25, "codename": "add_projectrole"}}, {"model": "auth.permission", "pk": 98, "fields": {"name": "Can change project role", "content_type": 25, "codename": "change_projectrole"}}, {"model": "auth.permission", "pk": 99, "fields": {"name": "Can delete project role", "content_type": 25, "codename": "delete_projectrole"}}, {"model": "auth.permission", "pk": 100, "fields": {"name": "Can view project role", "content_type": 25, "codename": "view_projectrole"}}, {"model": "contenttypes.contenttype", "pk": 1, "fields": {"app_label": "admin", "model": "logentry"}}, {"model": "contenttypes.contenttype", "pk": 2, "fields": {"app_label": "auth", "model": "permission"}}, {"model": "contenttypes.contenttype", "pk": 3, "fields": {"app_label": "auth", "model": "group"}}, {"model": "contenttypes.contenttype", "pk": 4, "fields": {"app_label": "contenttypes", "model": "contenttype"}}, {"model": "contenttypes.contenttype", "pk": 5, "fields": {"app_label": "sessions", "model": "session"}}, {"model": "contenttypes.contenttype", "pk": 6, "fields": {"app_label": "users", "model": "user"}}, {"model": "contenttypes.contenttype", "pk": 7, "fields": {"app_label": "design_health", "model": "company"}}, {"model": "contenttypes.contenttype", "pk": 8, "fields": {"app_label": "design_health", "model": "designcategory"}}, {"model": "contenttypes.contenttype", "pk": 9, "fields": {"app_label": "design_health", "model": "project"}}, {"model": "contenttypes.contenttype", "pk": 10, "fields": {"app_label": "design_health", "model": "role"}}, {"model": "contenttypes.contenttype", "pk": 11, "fields": {"app_label": "design_health", "model": "task"}}, {"model": "contenttypes.contenttype", "pk": 12, "fields": {"app_label": "design_health", "model": "projecttask"}}, {"model": "contenttypes.contenttype", "pk": 13, "fields": {"app_label": "design_health", "model": "projectrole"}}, {"model": "contenttypes.contenttype", "pk": 14, "fields": {"app_label": "tidp", "model": "company"}}, {"model": "contenttypes.contenttype", "pk": 15, "fields": {"app_label": "tidp", "model": "discipline"}}, {"model": "contenttypes.contenttype", "pk": 16, "fields": {"app_label": "tidp", "model": "disciplinecategory"}}, {"model": "contenttypes.contenttype", "pk": 17, "fields": {"app_label": "tidp", "model": "project"}}, {"model": "contenttypes.contenttype", "pk": 18, "fields": {"app_label": "tidp", "model": "projectscale"}}, {"model": "contenttypes.contenttype", "pk": 19, "fields": {"app_label": "tidp", "model": "role"}}, {"model": "contenttypes.contenttype", "pk": 20, "fields": {"app_label": "tidp", "model": "tasktype"}}, {"model": "contenttypes.contenttype", "pk": 21, "fields": {"app_label": "tidp", "model": "taskmember"}}, {"model": "contenttypes.contenttype", "pk": 22, "fields": {"app_label": "tidp", "model": "taskleader"}}, {"model": "contenttypes.contenttype", "pk": 23, "fields": {"app_label": "tidp", "model": "task"}}, {"model": "contenttypes.contenttype", "pk": 24, "fields": {"app_label": "tidp", "model": "projecttask"}}, {"model": "contenttypes.contenttype", "pk": 25, "fields": {"app_label": "tidp", "model": "projectrole"}}, {"model": "sessions.session", "pk": "4yutj1d49lqyq8pkuq2o50193j9ps76k", "fields": {"session_data": ".eJxVi0sKwzAMRO_idQl2bdlRl4Wew0i2hEM_i7pZld49CWSRwmzevJmvyTR_Wp67vPNUzcU4czp2TOUur01s2Ied-3B70vS47vbv0qi3dW81VfBgWSSOVUBD4RSU2JNTia4ouyIxMWJAIQGrAGvsGVF8HM1vAbvYM2A:1kXpzY:ANsXBxEso9VGqVVJroxP2hQAoLjTw-s7D8IeQuN9VC0", "expire_date": "2020-11-11T18:16:12.293Z"}}, {"model": "sessions.session", "pk": "84m47pn8ofv01k9o3sa34z3usn7l57ec", "fields": {"session_data": ".eJxVi0sKwzAMRO_idQl2bdlRl4Wew0i2hEM_i7pZld49CWSRwmzevJmvyTR_Wp67vPNUzcU4czp2TOUur01s2Ied-3B70vS47vbv0qi3dW81VfBgWSSOVUBD4RSU2JNTia4ouyIxMWJAIQGrAGvsGVF8HM1vAbvYM2A:1kXPhS:66z0bKQ7OeGCLsxgU_VnzhZT9d256x1jQIFC1HXsWGc", "expire_date": "2020-11-10T14:11:46.479Z"}}, {"model": "sessions.session", "pk": "8a9ztpr66z97qgrjx1ngt8vak7i3lj93", "fields": {"session_data": ".eJxVi0sOwjAMBe_iNaqc4KYxSyTOEdmJo1R8FqRdIe4OlbqA5byZ94Ik69LS2u2Z5gInCHD43VTy1R6b2LAPO_fhcpf5dt7t36VJb9_eSmDhEEfHNI2oVkmdLxKr-YxRBV1lJa_HaMiThZglFzIkxErs4P0BmUkyvw:1kXpvO:GgRqcHSGbFsKXJ9tFl5lusgeYROXT3TrvpbTOWFt_ck", "expire_date": "2020-11-11T18:11:54.746Z"}}, {"model": "sessions.session", "pk": "8tocze3ubhcrw5ngknbh35cy98ywoa28", "fields": {"session_data": ".eJxVi0sOwjAMBe_iNapSO2kNSyTOEdmuo1R8FqRdIe4OlbqA5byZ94Is61Lz2vyZ5wlOQHD43VTs6o9NbNi6nVt3uct8O-_271Kl1W8_cnSKSiMPNklg7w2jWlBVRiwBzYtyRDRKGNyt92RCouE4lGQI7w-bADMr:1kXpB1:OeUfofeQAKcU9brjz9gEjNekltsYglwVicnA41i9Bgk", "expire_date": "2020-11-11T17:23:59.921Z"}}, {"model": "sessions.session", "pk": "bmex1x4jgk49rv1l7q5rr0r2o2agao5k", "fields": {"session_data": ".eJxVT81uwyAMfhfOURWakDQ9TupzIGPMwpoCwuQQVX33ka6bVsmX71--Cw1rmfXKlLW34iykaP5zBvBKYRd2yIcX5sPlBn75eKlvkRl4rv7WjVZ1qjVEw8mScj2asXdgOpCOBonOSKRhNNPUTwSkWqdUvfY4TdQNp1pavE2ay-qcON-FJcbsU_Ex1HreV9fgcQFmjdFSJfcM8FWXLVV4bETK8YuwPF-TjbCe0afFB3oy3RuDUOgz5u1XynH5sdUejLcEYfuDSwx1QD4e38G6ays:1kX0Tm:LsGG5nmEvAiwpisXoJGlgRpz2nl5P1CWlr_h4WWkwUA", "expire_date": "2020-11-09T11:15:58.253Z"}}, {"model": "sessions.session", "pk": "j2dqacpd0ts3fzrntuczop2ljprjeyav", "fields": {"session_data": ".eJxVi0sOwjAMBe_iNaqc4KYxSyTOEdmJo1R8FqRdIe4OlbqA5byZ94Ik69LS2u2Z5gInCHD43VTy1R6b2LAPO_fhcpf5dt7t36VJb9_eSmDhEEfHNI2oVkmdLxKr-YxRBV1lJa_HaMiThZglFzIkxErs4P0BmUkyvw:1kXpxj:U_kOeqSutsSApu3mpp1A5xTdInDCfgXn5xeyw3Fqy1s", "expire_date": "2020-11-11T18:14:19.616Z"}}, {"model": "sessions.session", "pk": "jf56xs7xev0ppskpzqimnp1kw5giscla", "fields": {"session_data": ".eJxVi0sKwzAMRO_idQl2bdlRl4Wew0i2hEM_i7pZld49CWSRwmzevJmvyTR_Wp67vPNUzcU4czp2TOUur01s2Ied-3B70vS47vbv0qi3dW81VfBgWSSOVUBD4RSU2JNTia4ouyIxMWJAIQGrAGvsGVF8HM1vAbvYM2A:1kVjRd:1OdTJN7qnAFQXwl4zu7ekMhFGkj3vJ-saZkJEUmy4gE", "expire_date": "2020-11-05T22:52:29.200Z"}}, {"model": "sessions.session", "pk": "loj5azzu8r9dli24py0zfiq3wtthwoa0", "fields": {"session_data": ".eJxVi0sOwjAMBe-SNapobIfAEolzRHZsKxWfBWlXiLtDpS5gOW_mvULhZW5l6fYsk4ZTiGH3uwnXqz1WsWIfNu7D5c7T7bzZv0vj3r69AlavFY-MoplHIIjke4BDFlWPiNlIcBTyCEkAzDJQgpgsmTuG9webvDK8:1kXIjr:RH2ikvsMQkviv_9-VA0ynjD-Rt90tKg8eu9bNl6Xh_E", "expire_date": "2020-11-10T06:45:47.283Z"}}, {"model": "sessions.session", "pk": "urydiwzfsw8cuvvz1pjapszb62y9cjg9", "fields": {"session_data": ".eJxVi0sOwjAMBe_iNaqc4KYxSyTOEdmJo1R8FqRdIe4OlbqA5byZ94Ik69LS2u2Z5gInCHD43VTy1R6b2LAPO_fhcpf5dt7t36VJb9_eSmDhEEfHNI2oVkmdLxKr-YxRBV1lJa_HaMiThZglFzIkxErs4P0BmUkyvw:1kXpsl:Zl8DArpYIMo3P-xIf0RUHnBj-c7Jk_cdw0NaD5LAmpI", "expire_date": "2020-11-11T18:09:11.838Z"}}, {"model": "sessions.session", "pk": "xqdtxy8h885ev30dvpshsele2paozdg2", "fields": {"session_data": ".eJxVi0sKwzAMRO_idQl2bdlRl4Wew0i2hEM_i7pZld49CWSRwmzevJmvyTR_Wp67vPNUzcU4czp2TOUur01s2Ied-3B70vS47vbv0qi3dW81VfBgWSSOVUBD4RSU2JNTia4ouyIxMWJAIQGrAGvsGVF8HM1vAbvYM2A:1kP06R:9_uOaqov3klZBEfX995HKtLlucP3ayJ9NAVakchdnLI", "expire_date": "2020-10-18T09:14:47.586Z"}}, {"model": "users.user", "pk": 1, "fields": {"password": "pbkdf2_sha256$216000$FK2N8az1hopn$2VZeYjF4QoUbKxEIAgOKoQqeeCeNAKs1/1kVYDZGJBA=", "last_login": "2020-10-28T18:16:12.289Z", "is_superuser": true, "first_name": "", "last_name": "", "is_staff": true, "is_active": true, "date_joined": "2020-10-04T09:14:28.600Z", "email": "admin@admin.com", "groups": [], "user_permissions": []}}, {"model": "users.user", "pk": 2, "fields": {"password": "pbkdf2_sha256$216000$9I2pwwXWSYwY$DvIcmOgIluN23jWWthEjvPdGjTlE7NNEh7BtlwJY3ZE=", "last_login": "2020-10-27T06:45:47.279Z", "is_superuser": false, "first_name": "", "last_name": "", "is_staff": false, "is_active": true, "date_joined": "2020-10-26T09:52:05.773Z", "email": "intenttech@hotmail.com", "groups": [], "user_permissions": []}}, {"model": "users.user", "pk": 3, "fields": {"password": "pbkdf2_sha256$216000$vIld0YL2qOi9$aQ1fX/mPVBuMm6mAqyX7H10JZcaGop3XI1fl3Qic+O0=", "last_login": "2020-10-28T17:23:59.917Z", "is_superuser": false, "first_name": "", "last_name": "", "is_staff": false, "is_active": true, "date_joined": "2020-10-27T18:09:14.336Z", "email": "m.oloso@intenttech.com", "groups": [], "user_permissions": []}}, {"model": "users.user", "pk": 4, "fields": {"password": "pbkdf2_sha256$216000$wSfQDXyBVkzD$qcBbiqKAppLZFDsNIgTEZ6TemGHjy3UFB+wd1aWx4PM=", "last_login": null, "is_superuser": false, "first_name": "", "last_name": "", "is_staff": false, "is_active": true, "date_joined": "2020-10-28T17:28:44.616Z", "email": "s.ajayi@leedsbeckett.ac.uk", "groups": [], "user_permissions": []}}, {"model": "users.user", "pk": 5, "fields": {"password": "pbkdf2_sha256$216000$mloiv1wIqBFm$40Fc5M7WbFg+zLYFXDaxpRdifB3gx7dt+MZu1aOs23c=", "last_login": null, "is_superuser": false, "first_name": "", "last_name": "", "is_staff": false, "is_active": true, "date_joined": "2020-10-28T17:37:30.540Z", "email": "ajadioloso@gmail.com", "groups": [], "user_permissions": []}}, {"model": "users.user", "pk": 6, "fields": {"password": "pbkdf2_sha256$216000$Xq6OcIWigNPU$aCVuB3dCCF6GuHGYbsGgBwMMMLpvmIFNV+/WrbjT0HU=", "last_login": "2020-10-28T18:14:19.611Z", "is_superuser": false, "first_name": "", "last_name": "", "is_staff": false, "is_active": true, "date_joined": "2020-10-28T18:07:39.492Z", "email": "mailsaheedajayi@yahoo.com", "groups": [], "user_permissions": []}}, {"model": "users.user", "pk": 7, "fields": {"password": "pbkdf2_sha256$216000$QpajV1EOnN1V$jIyImU0I8jS76TVp15e+aTRQAqmnMrEne5lHBQHTxso=", "last_login": null, "is_superuser": false, "first_name": "", "last_name": "", "is_staff": false, "is_active": true, "date_joined": "2020-10-28T18:13:22.609Z", "email": "M.A.Abbas@leedsbeckett.ac.uk", "groups": [], "user_permissions": []}}, {"model": "tidp.company", "pk": 1, "fields": {"company_name": "White Frog", "street_number": "6", "street_name": "Highfield Drive, Gildersome", "city": "Leeds", "country": "West Yorkshire", "postal_code": "LS27 7DW", "phone_number": "", "contact_person": "", "email": "test@test.com", "originator_code": "ZZ"}}, {"model": "tidp.company", "pk": 2, "fields": {"company_name": "Intenttech Limited", "street_number": "109", "street_name": "Clarendon Road", "city": "Leeds", "country": "West Yorskhire", "postal_code": "Ls2 9DF", "phone_number": "", "contact_person": "Munir", "email": "intenttech@hotmail.com", "originator_code": "ZZ"}}, {"model": "tidp.company", "pk": 3, "fields": {"company_name": "Leeds Beckett University", "street_number": "North", "street_name": "", "city": "Leeds", "country": "United Kingdom", "postal_code": "LS13HE", "phone_number": "01138120000", "contact_person": "", "email": "S.Ajayi@leedsbeckett.ac.uk", "originator_code": "LBU"}}, {"model": "tidp.discipline", "pk": 2, "fields": {"name": "Civil Engineering Project"}}, {"model": "tidp.discipline", "pk": 3, "fields": {"name": "Building Project"}}, {"model": "tidp.disciplinecategory", "pk": 1, "fields": {"discipline": 3, "category": "Accommodation"}}, {"model": "tidp.disciplinecategory", "pk": 2, "fields": {"discipline": 3, "category": "Commercial"}}, {"model": "tidp.disciplinecategory", "pk": 3, "fields": {"discipline": 3, "category": "Defence and Custodial"}}, {"model": "tidp.disciplinecategory", "pk": 4, "fields": {"discipline": 3, "category": "Education"}}, {"model": "tidp.disciplinecategory", "pk": 5, "fields": {"discipline": 3, "category": "Fleet"}}, {"model": "tidp.disciplinecategory", "pk": 6, "fields": {"discipline": 3, "category": "Health"}}, {"model": "tidp.disciplinecategory", "pk": 7, "fields": {"discipline": 3, "category": "Power"}}, {"model": "tidp.disciplinecategory", "pk": 8, "fields": {"discipline": 3, "category": "Residential"}}, {"model": "tidp.disciplinecategory", "pk": 9, "fields": {"discipline": 3, "category": "Transport/ Highways"}}, {"model": "tidp.disciplinecategory", "pk": 10, "fields": {"discipline": 3, "category": "Highways"}}, {"model": "tidp.disciplinecategory", "pk": 11, "fields": {"discipline": 3, "category": "Water"}}, {"model": "tidp.disciplinecategory", "pk": 12, "fields": {"discipline": 3, "category": "Others"}}, {"model": "tidp.disciplinecategory", "pk": 13, "fields": {"discipline": 2, "category": "Accommodation"}}, {"model": "tidp.disciplinecategory", "pk": 14, "fields": {"discipline": 2, "category": "Commercial"}}, {"model": "tidp.disciplinecategory", "pk": 15, "fields": {"discipline": 2, "category": "Defence and Custodial"}}, {"model": "tidp.disciplinecategory", "pk": 16, "fields": {"discipline": 2, "category": "Education"}}, {"model": "tidp.disciplinecategory", "pk": 17, "fields": {"discipline": 2, "category": "Fleet"}}, {"model": "tidp.disciplinecategory", "pk": 18, "fields": {"discipline": 2, "category": "Health"}}, {"model": "tidp.disciplinecategory", "pk": 19, "fields": {"discipline": 2, "category": "Power"}}, {"model": "tidp.disciplinecategory", "pk": 20, "fields": {"discipline": 2, "category": "Residential"}}, {"model": "tidp.disciplinecategory", "pk": 21, "fields": {"discipline": 2, "category": "Transport/ Highways"}}, {"model": "tidp.disciplinecategory", "pk": 22, "fields": {"discipline": 2, "category": "Highways"}}, {"model": "tidp.disciplinecategory", "pk": 23, "fields": {"discipline": 2, "category": "Water"}}, {"model": "tidp.role", "pk": 3, "fields": {"name": "Architect (A)", "code": "Ro_50_10_03", "status": "active", "date_added": "2020-10-25T09:25:35.560Z"}}, {"model": "tidp.role", "pk": 4, "fields": {"name": "Building surveyor (B)", "code": "Ro_70_10_11", "status": "active", "date_added": "2020-10-25T09:25:35.581Z"}}, {"model": "tidp.role", "pk": 5, "fields": {"name": "Civil engineer (C)", "code": "Ro_50_20_11", "status": "active", "date_added": "2020-10-25T09:25:35.586Z"}}, {"model": "tidp.role", "pk": 6, "fields": {"name": "Client (K)", "code": "Ro_10_20_14", "status": "active", "date_added": "2020-10-25T09:25:35.592Z"}}, {"model": "tidp.role", "pk": 7, "fields": {"name": "Contractor (W)", "code": "Ro_30_10_20", "status": "active", "date_added": "2020-10-25T09:25:35.597Z"}}, {"model": "tidp.role", "pk": 8, "fields": {"name": "Drainage engineer (D)", "code": "Ro_50_20_28", "status": "active", "date_added": "2020-10-25T09:25:35.602Z"}}, {"model": "tidp.role", "pk": 9, "fields": {"name": "Electrical services engineer (E)", "code": "Ro_50_20_30", "status": "active", "date_added": "2020-10-25T09:25:35.610Z"}}, {"model": "tidp.role", "pk": 10, "fields": {"name": "Facilities manager (F)", "code": "Ro_10_40_30", "status": "active", "date_added": "2020-10-25T09:25:35.620Z"}}, {"model": "tidp.role", "pk": 11, "fields": {"name": "Geotechnical surveyor (G)", "code": "Ro_70_10_33", "status": "active", "date_added": "2020-10-25T09:25:35.625Z"}}, {"model": "tidp.role", "pk": 12, "fields": {"name": "Heating, ventilation and air conditioning engineer (H)", "code": "Ro_50_20_40", "status": "active", "date_added": "2020-10-25T09:25:35.630Z"}}, {"model": "tidp.role", "pk": 13, "fields": {"name": "Highways engineer (D)", "code": "Ro_50_20_41", "status": "active", "date_added": "2020-10-25T09:25:35.635Z"}}, {"model": "tidp.role", "pk": 14, "fields": {"name": "Interior designer (I)", "code": "Ro_50_10_43", "status": "active", "date_added": "2020-10-25T09:25:35.640Z"}}, {"model": "tidp.role", "pk": 15, "fields": {"name": "Land surveyor (G)", "code": "Ro_70_10_46", "status": "active", "date_added": "2020-10-25T09:25:35.646Z"}}, {"model": "tidp.role", "pk": 16, "fields": {"name": "Landscape architect (L)", "code": "Ro_50_30_47", "status": "active", "date_added": "2020-10-25T09:25:35.654Z"}}, {"model": "tidp.role", "pk": 17, "fields": {"name": "Mechanical services engineer (M)", "code": "Ro_50_20_54", "status": "active", "date_added": "2020-10-25T09:25:35.661Z"}}, {"model": "tidp.role", "pk": 18, "fields": {"name": "Mechanical, electrical, instrumentation, control and automation (MEICA) engineer", "code": "Ro_50_20_53", "status": "active", "date_added": "2020-10-25T09:25:35.672Z"}}, {"model": "tidp.role", "pk": 19, "fields": {"name": "Public health engineer (P)", "code": "Ro_50_20_68", "status": "active", "date_added": "2020-10-25T09:25:35.687Z"}}, {"model": "tidp.role", "pk": 20, "fields": {"name": "Quantity surveyor (Q)", "code": "Ro_70_10_75", "status": "active", "date_added": "2020-10-25T09:25:35.698Z"}}, {"model": "tidp.role", "pk": 21, "fields": {"name": "Structural engineer (S)", "code": "Ro_50_20_83", "status": "active", "date_added": "2020-10-25T09:25:35.711Z"}}, {"model": "tidp.role", "pk": 22, "fields": {"name": "Sub-contractor (X)", "code": "Ro_30_10_85", "status": "active", "date_added": "2020-10-25T09:25:35.717Z"}}, {"model": "tidp.role", "pk": 23, "fields": {"name": "Urban designer (T)", "code": "Ro_50_30_94", "status": "active", "date_added": "2020-10-25T09:25:35.722Z"}}, {"model": "tidp.role", "pk": 24, "fields": {"name": "Access consultant", "code": "Ro_50_10_01", "status": "active", "date_added": "2020-10-25T09:25:35.728Z"}}, {"model": "tidp.role", "pk": 25, "fields": {"name": "Access floor installer", "code": "Ro_70_50_02", "status": "active", "date_added": "2020-10-25T09:25:35.734Z"}}, {"model": "tidp.role", "pk": 26, "fields": {"name": "Access manager", "code": "Ro_10_40_01", "status": "active", "date_added": "2020-10-25T09:25:35.743Z"}}, {"model": "tidp.role", "pk": 27, "fields": {"name": "Acoustic engineer", "code": "Ro_50_20_02", "status": "active", "date_added": "2020-10-25T09:25:35.750Z"}}, {"model": "tidp.role", "pk": 28, "fields": {"name": "Arboriculturalist", "code": "Ro_50_30_04", "status": "active", "date_added": "2020-10-25T09:25:35.759Z"}}, {"model": "tidp.role", "pk": 29, "fields": {"name": "Archaeologist", "code": "Ro_70_30_04", "status": "active", "date_added": "2020-10-25T09:25:35.770Z"}}, {"model": "tidp.role", "pk": 30, "fields": {"name": "Architectural designer", "code": "Ro_50_10_04", "status": "active", "date_added": "2020-10-25T09:25:35.776Z"}}, {"model": "tidp.role", "pk": 31, "fields": {"name": "Architectural technologist", "code": "Ro_50_10_05", "status": "active", "date_added": "2020-10-25T09:25:35.781Z"}}, {"model": "tidp.role", "pk": 32, "fields": {"name": "Asset assurance manager", "code": "Ro_10_30_02", "status": "active", "date_added": "2020-10-25T09:25:35.789Z"}}, {"model": "tidp.role", "pk": 33, "fields": {"name": "Asset data governance manager", "code": "Ro_10_30_21", "status": "active", "date_added": "2020-10-25T09:25:35.800Z"}}, {"model": "tidp.role", "pk": 34, "fields": {"name": "Asset management lead", "code": "Ro_30_50_04", "status": "active", "date_added": "2020-10-25T09:25:35.816Z"}}, {"model": "tidp.role", "pk": 35, "fields": {"name": "Asset management roles", "code": "Ro_10_30", "status": "active", "date_added": "2020-10-25T09:25:35.834Z"}}, {"model": "tidp.role", "pk": 36, "fields": {"name": "Asset manager", "code": "Ro_10_30_50", "status": "active", "date_added": "2020-10-25T09:25:35.852Z"}}, {"model": "tidp.role", "pk": 37, "fields": {"name": "Asset standards manager", "code": "Ro_10_30_80", "status": "active", "date_added": "2020-10-25T09:25:35.858Z"}}, {"model": "tidp.role", "pk": 38, "fields": {"name": "Associate", "code": "Ro_10_10_05", "status": "active", "date_added": "2020-10-25T09:25:35.864Z"}}, {"model": "tidp.role", "pk": 39, "fields": {"name": "Bricklayer", "code": "Ro_70_50_07", "status": "active", "date_added": "2020-10-25T09:25:35.879Z"}}, {"model": "tidp.role", "pk": 40, "fields": {"name": "Bridge engineer", "code": "Ro_50_20_06", "status": "active", "date_added": "2020-10-25T09:25:35.903Z"}}, {"model": "tidp.role", "pk": 41, "fields": {"name": "Builder's labourer", "code": "Ro_70_50_09", "status": "active", "date_added": "2020-10-25T09:25:35.911Z"}}, {"model": "tidp.role", "pk": 42, "fields": {"name": "Building control officer", "code": "Ro_30_30_09", "status": "active", "date_added": "2020-10-25T09:25:35.923Z"}}, {"model": "tidp.role", "pk": 43, "fields": {"name": "Building design roles", "code": "Ro_50_10", "status": "active", "date_added": "2020-10-25T09:25:35.938Z"}}, {"model": "tidp.role", "pk": 44, "fields": {"name": "Building designer", "code": "Ro_50_10_10", "status": "active", "date_added": "2020-10-25T09:25:35.949Z"}}, {"model": "tidp.role", "pk": 45, "fields": {"name": "Building inspector", "code": "Ro_70_10_10", "status": "active", "date_added": "2020-10-25T09:25:35.969Z"}}, {"model": "tidp.role", "pk": 46, "fields": {"name": "Building insulation installer", "code": "Ro_70_50_10", "status": "active", "date_added": "2020-10-25T09:25:35.983Z"}}, {"model": "tidp.role", "pk": 47, "fields": {"name": "Building services engineer", "code": "Ro_50_20_08", "status": "active", "date_added": "2020-10-25T09:25:35.997Z"}}, {"model": "tidp.role", "pk": 48, "fields": {"name": "Building trades", "code": "Ro_70_50", "status": "active", "date_added": "2020-10-25T09:25:36.014Z"}}, {"model": "tidp.role", "pk": 49, "fields": {"name": "Built asset security manager", "code": "Ro_10_30_10", "status": "active", "date_added": "2020-10-25T09:25:36.031Z"}}, {"model": "tidp.role", "pk": 50, "fields": {"name": "Cable layer", "code": "Ro_70_60_10", "status": "active", "date_added": "2020-10-25T09:25:36.047Z"}}, {"model": "tidp.role", "pk": 51, "fields": {"name": "Carpenter", "code": "Ro_70_50_12", "status": "active", "date_added": "2020-10-25T09:25:36.061Z"}}, {"model": "tidp.role", "pk": 52, "fields": {"name": "Carpet fitter", "code": "Ro_70_50_14", "status": "active", "date_added": "2020-10-25T09:25:36.066Z"}}, {"model": "tidp.role", "pk": 53, "fields": {"name": "Catering consultant", "code": "Ro_50_10_11", "status": "active", "date_added": "2020-10-25T09:25:36.073Z"}}, {"model": "tidp.role", "pk": 54, "fields": {"name": "Catering manager", "code": "Ro_10_40_11", "status": "active", "date_added": "2020-10-25T09:25:36.089Z"}}, {"model": "tidp.role", "pk": 55, "fields": {"name": "CCTV installer", "code": "Ro_70_60_12", "status": "active", "date_added": "2020-10-25T09:25:36.105Z"}}, {"model": "tidp.role", "pk": 56, "fields": {"name": "Ceiling installer", "code": "Ro_70_50_16", "status": "active", "date_added": "2020-10-25T09:25:36.113Z"}}, {"model": "tidp.role", "pk": 57, "fields": {"name": "Cement renderer", "code": "Ro_70_50_17", "status": "active", "date_added": "2020-10-25T09:25:36.120Z"}}, {"model": "tidp.role", "pk": 58, "fields": {"name": "Chairman", "code": "Ro_10_10_12", "status": "active", "date_added": "2020-10-25T09:25:36.128Z"}}, {"model": "tidp.role", "pk": 59, "fields": {"name": "Chief executive officer", "code": "Ro_10_10_14", "status": "active", "date_added": "2020-10-25T09:25:36.143Z"}}, {"model": "tidp.role", "pk": 60, "fields": {"name": "Chief financial officer", "code": "Ro_10_10_16", "status": "active", "date_added": "2020-10-25T09:25:36.160Z"}}, {"model": "tidp.role", "pk": 61, "fields": {"name": "Chief information officer", "code": "Ro_10_30_14", "status": "active", "date_added": "2020-10-25T09:25:36.179Z"}}, {"model": "tidp.role", "pk": 62, "fields": {"name": "Chief operating officer", "code": "Ro_10_10_18", "status": "active", "date_added": "2020-10-25T09:25:36.187Z"}}, {"model": "tidp.role", "pk": 63, "fields": {"name": "Cladding designer", "code": "Ro_50_10_14", "status": "active", "date_added": "2020-10-25T09:25:36.193Z"}}, {"model": "tidp.role", "pk": 64, "fields": {"name": "Cladding installer", "code": "Ro_70_50_18", "status": "active", "date_added": "2020-10-25T09:25:36.212Z"}}, {"model": "tidp.role", "pk": 65, "fields": {"name": "Clerk of works", "code": "Ro_30_10_13", "status": "active", "date_added": "2020-10-25T09:25:36.223Z"}}, {"model": "tidp.role", "pk": 66, "fields": {"name": "Client advisor", "code": "Ro_10_20_15", "status": "active", "date_added": "2020-10-25T09:25:36.237Z"}}, {"model": "tidp.role", "pk": 67, "fields": {"name": "Client representative", "code": "Ro_10_20_16", "status": "active", "date_added": "2020-10-25T09:25:36.262Z"}}, {"model": "tidp.role", "pk": 68, "fields": {"name": "Client roles", "code": "Ro_10_20", "status": "active", "date_added": "2020-10-25T09:25:36.286Z"}}, {"model": "tidp.role", "pk": 69, "fields": {"name": "Commissioning engineer", "code": "Ro_30_10_17", "status": "active", "date_added": "2020-10-25T09:25:36.296Z"}}, {"model": "tidp.role", "pk": 70, "fields": {"name": "Configuration change manager", "code": "Ro_10_40_20", "status": "active", "date_added": "2020-10-25T09:25:36.302Z"}}, {"model": "tidp.role", "pk": 71, "fields": {"name": "Conservation officer", "code": "Ro_30_30_16", "status": "active", "date_added": "2020-10-25T09:25:36.313Z"}}, {"model": "tidp.role", "pk": 72, "fields": {"name": "Conservation surveyor", "code": "Ro_70_10_16", "status": "active", "date_added": "2020-10-25T09:25:36.325Z"}}, {"model": "tidp.role", "pk": 73, "fields": {"name": "Construction lead", "code": "Ro_30_50_19", "status": "active", "date_added": "2020-10-25T09:25:36.351Z"}}, {"model": "tidp.role", "pk": 74, "fields": {"name": "Construction rigger", "code": "Ro_70_50_20", "status": "active", "date_added": "2020-10-25T09:25:36.361Z"}}, {"model": "tidp.role", "pk": 75, "fields": {"name": "Contract administrator", "code": "Ro_30_10_19", "status": "active", "date_added": "2020-10-25T09:25:36.368Z"}}, {"model": "tidp.role", "pk": 76, "fields": {"name": "Coordinator", "code": "Ro_10_10_20", "status": "active", "date_added": "2020-10-25T09:25:36.375Z"}}, {"model": "tidp.role", "pk": 77, "fields": {"name": "Cost consultant", "code": "Ro_30_10_22", "status": "active", "date_added": "2020-10-25T09:25:36.382Z"}}, {"model": "tidp.role", "pk": 78, "fields": {"name": "Cost manager", "code": "Ro_10_40_22", "status": "active", "date_added": "2020-10-25T09:25:36.389Z"}}, {"model": "tidp.role", "pk": 79, "fields": {"name": "Crane operator", "code": "Ro_70_50_22", "status": "active", "date_added": "2020-10-25T09:25:36.399Z"}}, {"model": "tidp.role", "pk": 80, "fields": {"name": "Delivery roles", "code": "Ro_30", "status": "active", "date_added": "2020-10-25T09:25:36.407Z"}}, {"model": "tidp.role", "pk": 81, "fields": {"name": "Delivery team roles", "code": "Ro_30_10", "status": "active", "date_added": "2020-10-25T09:25:36.420Z"}}, {"model": "tidp.role", "pk": 82, "fields": {"name": "Demand manager", "code": "Ro_10_40_24", "status": "active", "date_added": "2020-10-25T09:25:36.431Z"}}, {"model": "tidp.role", "pk": 83, "fields": {"name": "Demolition engineer", "code": "Ro_50_20_24", "status": "active", "date_added": "2020-10-25T09:25:36.439Z"}}, {"model": "tidp.role", "pk": 84, "fields": {"name": "Design lead", "code": "Ro_30_50_25", "status": "active", "date_added": "2020-10-25T09:25:36.450Z"}}, {"model": "tidp.role", "pk": 85, "fields": {"name": "Design roles", "code": "Ro_50", "status": "active", "date_added": "2020-10-25T09:25:36.459Z"}}, {"model": "tidp.role", "pk": 86, "fields": {"name": "Development control officer", "code": "Ro_30_30_20", "status": "active", "date_added": "2020-10-25T09:25:36.474Z"}}, {"model": "tidp.role", "pk": 87, "fields": {"name": "Director", "code": "Ro_10_10_25", "status": "active", "date_added": "2020-10-25T09:25:36.487Z"}}, {"model": "tidp.role", "pk": 88, "fields": {"name": "Dispute resolution officer", "code": "Ro_30_30_22", "status": "active", "date_added": "2020-10-25T09:25:36.497Z"}}, {"model": "tidp.role", "pk": 89, "fields": {"name": "Ductwork installer", "code": "Ro_70_60_25", "status": "active", "date_added": "2020-10-25T09:25:36.504Z"}}, {"model": "tidp.role", "pk": 90, "fields": {"name": "Earth moving labourer", "code": "Ro_70_50_26", "status": "active", "date_added": "2020-10-25T09:25:36.511Z"}}, {"model": "tidp.role", "pk": 91, "fields": {"name": "Ecologist", "code": "Ro_50_30_25", "status": "active", "date_added": "2020-10-25T09:25:36.528Z"}}, {"model": "tidp.role", "pk": 92, "fields": {"name": "Editor", "code": "Ro_10_80_25", "status": "active", "date_added": "2020-10-25T09:25:36.535Z"}}, {"model": "tidp.role", "pk": 93, "fields": {"name": "Education consultant", "code": "Ro_10_30_27", "status": "active", "date_added": "2020-10-25T09:25:36.540Z"}}, {"model": "tidp.role", "pk": 94, "fields": {"name": "Electrician", "code": "Ro_70_60_27", "status": "active", "date_added": "2020-10-25T09:25:36.546Z"}}, {"model": "tidp.role", "pk": 95, "fields": {"name": "Electronics engineer", "code": "Ro_50_20_31", "status": "active", "date_added": "2020-10-25T09:25:36.552Z"}}, {"model": "tidp.role", "pk": 96, "fields": {"name": "Employer", "code": "Ro_10_20_26", "status": "active", "date_added": "2020-10-25T09:25:36.557Z"}}, {"model": "tidp.role", "pk": 97, "fields": {"name": "Employer's agent", "code": "Ro_30_10_27", "status": "active", "date_added": "2020-10-25T09:25:36.564Z"}}, {"model": "tidp.role", "pk": 98, "fields": {"name": "Energy manager", "code": "Ro_10_40_28", "status": "active", "date_added": "2020-10-25T09:25:36.570Z"}}, {"model": "tidp.role", "pk": 99, "fields": {"name": "Engineering design roles", "code": "Ro_50_20", "status": "active", "date_added": "2020-10-25T09:25:36.576Z"}}, {"model": "tidp.role", "pk": 100, "fields": {"name": "Environmental and geological roles", "code": "Ro_70_30", "status": "active", "date_added": "2020-10-25T09:25:36.602Z"}}, {"model": "tidp.role", "pk": 101, "fields": {"name": "Environmental assessor", "code": "Ro_70_30_27", "status": "active", "date_added": "2020-10-25T09:25:36.611Z"}}, {"model": "tidp.role", "pk": 102, "fields": {"name": "Environmental consultant", "code": "Ro_70_30_28", "status": "active", "date_added": "2020-10-25T09:25:36.616Z"}}, {"model": "tidp.role", "pk": 103, "fields": {"name": "Environmental design roles", "code": "Ro_50_30", "status": "active", "date_added": "2020-10-25T09:25:36.622Z"}}, {"model": "tidp.role", "pk": 104, "fields": {"name": "Environmental officer", "code": "Ro_30_30_26", "status": "active", "date_added": "2020-10-25T09:25:36.630Z"}}, {"model": "tidp.role", "pk": 105, "fields": {"name": "Executive director", "code": "Ro_10_10_30", "status": "active", "date_added": "2020-10-25T09:25:36.635Z"}}, {"model": "tidp.role", "pk": 106, "fields": {"name": "Fencing installer", "code": "Ro_70_50_30", "status": "active", "date_added": "2020-10-25T09:25:36.647Z"}}, {"model": "tidp.role", "pk": 107, "fields": {"name": "Fire detection and alarm system installer", "code": "Ro_70_60_30", "status": "active", "date_added": "2020-10-25T09:25:36.653Z"}}, {"model": "tidp.role", "pk": 108, "fields": {"name": "Fire engineer", "code": "Ro_50_20_33", "status": "active", "date_added": "2020-10-25T09:25:36.660Z"}}, {"model": "tidp.role", "pk": 109, "fields": {"name": "Fleet manager", "code": "Ro_10_40_32", "status": "active", "date_added": "2020-10-25T09:25:36.671Z"}}, {"model": "tidp.role", "pk": 110, "fields": {"name": "Flood and coastal risk management officer", "code": "Ro_30_30_29", "status": "active", "date_added": "2020-10-25T09:25:36.679Z"}}, {"model": "tidp.role", "pk": 111, "fields": {"name": "Flooring installer", "code": "Ro_70_50_32", "status": "active", "date_added": "2020-10-25T09:25:36.686Z"}}, {"model": "tidp.role", "pk": 112, "fields": {"name": "Garden designer", "code": "Ro_50_30_33", "status": "active", "date_added": "2020-10-25T09:25:36.692Z"}}, {"model": "tidp.role", "pk": 113, "fields": {"name": "Gas fitter", "code": "Ro_70_60_33", "status": "active", "date_added": "2020-10-25T09:25:36.699Z"}}, {"model": "tidp.role", "pk": 114, "fields": {"name": "Geographic information system consultant", "code": "Ro_70_30_35", "status": "active", "date_added": "2020-10-25T09:25:36.706Z"}}, {"model": "tidp.role", "pk": 115, "fields": {"name": "Geotechnical engineer", "code": "Ro_50_20_37", "status": "active", "date_added": "2020-10-25T09:25:36.713Z"}}, {"model": "tidp.role", "pk": 116, "fields": {"name": "Glazier", "code": "Ro_70_50_34", "status": "active", "date_added": "2020-10-25T09:25:36.718Z"}}, {"model": "tidp.role", "pk": 117, "fields": {"name": "Hardware vendor", "code": "Ro_30_40_36", "status": "active", "date_added": "2020-10-25T09:25:36.726Z"}}, {"model": "tidp.role", "pk": 118, "fields": {"name": "Health and safety consultant", "code": "Ro_30_10_36", "status": "active", "date_added": "2020-10-25T09:25:36.732Z"}}, {"model": "tidp.role", "pk": 119, "fields": {"name": "Health and safety manager", "code": "Ro_10_40_36", "status": "active", "date_added": "2020-10-25T09:25:36.737Z"}}, {"model": "tidp.role", "pk": 120, "fields": {"name": "Heritage officer", "code": "Ro_30_30_36", "status": "active", "date_added": "2020-10-25T09:25:36.742Z"}}, {"model": "tidp.role", "pk": 121, "fields": {"name": "Heritage surveyor", "code": "Ro_70_10_36", "status": "active", "date_added": "2020-10-25T09:25:36.748Z"}}, {"model": "tidp.role", "pk": 122, "fields": {"name": "Highways operative", "code": "Ro_70_70_37", "status": "active", "date_added": "2020-10-25T09:25:36.752Z"}}, {"model": "tidp.role", "pk": 123, "fields": {"name": "Hoist operator", "code": "Ro_70_50_37", "status": "active", "date_added": "2020-10-25T09:25:36.757Z"}}, {"model": "tidp.role", "pk": 124, "fields": {"name": "Hydraulic engineer", "code": "Ro_50_20_42", "status": "active", "date_added": "2020-10-25T09:25:36.761Z"}}, {"model": "tidp.role", "pk": 125, "fields": {"name": "Hydrologist", "code": "Ro_70_30_39", "status": "active", "date_added": "2020-10-25T09:25:36.767Z"}}, {"model": "tidp.role", "pk": 126, "fields": {"name": "Importer", "code": "Ro_30_40_40", "status": "active", "date_added": "2020-10-25T09:25:36.777Z"}}, {"model": "tidp.role", "pk": 127, "fields": {"name": "Information manager", "code": "Ro_30_10_42", "status": "active", "date_added": "2020-10-25T09:25:36.785Z"}}, {"model": "tidp.role", "pk": 128, "fields": {"name": "Insurance consultant", "code": "Ro_30_10_43", "status": "active", "date_added": "2020-10-25T09:25:36.791Z"}}, {"model": "tidp.role", "pk": 129, "fields": {"name": "Investment consultant", "code": "Ro_10_30_42", "status": "active", "date_added": "2020-10-25T09:25:36.797Z"}}, {"model": "tidp.role", "pk": 130, "fields": {"name": "IT business analyst", "code": "Ro_10_40_43", "status": "active", "date_added": "2020-10-25T09:25:36.802Z"}}, {"model": "tidp.role", "pk": 131, "fields": {"name": "Joiner", "code": "Ro_70_50_44", "status": "active", "date_added": "2020-10-25T09:25:36.808Z"}}, {"model": "tidp.role", "pk": 132, "fields": {"name": "Landscape designer", "code": "Ro_50_30_48", "status": "active", "date_added": "2020-10-25T09:25:36.813Z"}}, {"model": "tidp.role", "pk": 133, "fields": {"name": "Landscape installer", "code": "Ro_70_50_45", "status": "active", "date_added": "2020-10-25T09:25:36.818Z"}}, {"model": "tidp.role", "pk": 134, "fields": {"name": "Landscape maintenance operative", "code": "Ro_70_50_46", "status": "active", "date_added": "2020-10-25T09:25:36.823Z"}}, {"model": "tidp.role", "pk": 135, "fields": {"name": "Legal consultant", "code": "Ro_30_10_47", "status": "active", "date_added": "2020-10-25T09:25:36.827Z"}}, {"model": "tidp.role", "pk": 136, "fields": {"name": "Legal representative", "code": "Ro_10_40_47", "status": "active", "date_added": "2020-10-25T09:25:36.832Z"}}, {"model": "tidp.role", "pk": 137, "fields": {"name": "Lift installer", "code": "Ro_70_60_47", "status": "active", "date_added": "2020-10-25T09:25:36.836Z"}}, {"model": "tidp.role", "pk": 138, "fields": {"name": "Lift operator", "code": "Ro_70_50_47", "status": "active", "date_added": "2020-10-25T09:25:36.841Z"}}, {"model": "tidp.role", "pk": 139, "fields": {"name": "Lighting designer", "code": "Ro_50_10_50", "status": "active", "date_added": "2020-10-25T09:25:36.846Z"}}, {"model": "tidp.role", "pk": 140, "fields": {"name": "Logistics manager", "code": "Ro_10_40_48", "status": "active", "date_added": "2020-10-25T09:25:36.853Z"}}, {"model": "tidp.role", "pk": 141, "fields": {"name": "Maintenance planner", "code": "Ro_10_40_49", "status": "active", "date_added": "2020-10-25T09:25:36.861Z"}}, {"model": "tidp.role", "pk": 142, "fields": {"name": "Maintenance provider", "code": "Ro_10_40_50", "status": "active", "date_added": "2020-10-25T09:25:36.866Z"}}, {"model": "tidp.role", "pk": 143, "fields": {"name": "Management consultant", "code": "Ro_10_40_52", "status": "active", "date_added": "2020-10-25T09:25:36.871Z"}}, {"model": "tidp.role", "pk": 144, "fields": {"name": "Management roles", "code": "Ro_10", "status": "active", "date_added": "2020-10-25T09:25:36.876Z"}}, {"model": "tidp.role", "pk": 145, "fields": {"name": "Manager", "code": "Ro_10_10_50", "status": "active", "date_added": "2020-10-25T09:25:36.883Z"}}, {"model": "tidp.role", "pk": 146, "fields": {"name": "Managing director", "code": "Ro_10_10_53", "status": "active", "date_added": "2020-10-25T09:25:36.889Z"}}, {"model": "tidp.role", "pk": 147, "fields": {"name": "Manufacturer", "code": "Ro_30_40_54", "status": "active", "date_added": "2020-10-25T09:25:36.895Z"}}, {"model": "tidp.role", "pk": 148, "fields": {"name": "Marketing consultant", "code": "Ro_10_40_53", "status": "active", "date_added": "2020-10-25T09:25:36.901Z"}}, {"model": "tidp.role", "pk": 149, "fields": {"name": "Nominated supplier", "code": "Ro_30_40_56", "status": "active", "date_added": "2020-10-25T09:25:36.908Z"}}, {"model": "tidp.role", "pk": 150, "fields": {"name": "Non-executive director", "code": "Ro_10_10_58", "status": "active", "date_added": "2020-10-25T09:25:36.914Z"}}, {"model": "tidp.role", "pk": 151, "fields": {"name": "Official roles", "code": "Ro_30_30", "status": "active", "date_added": "2020-10-25T09:25:36.919Z"}}, {"model": "tidp.role", "pk": 152, "fields": {"name": "Operation lead", "code": "Ro_30_50_61", "status": "active", "date_added": "2020-10-25T09:25:36.924Z"}}, {"model": "tidp.role", "pk": 153, "fields": {"name": "Operation management roles", "code": "Ro_10_40", "status": "active", "date_added": "2020-10-25T09:25:36.929Z"}}, {"model": "tidp.role", "pk": 154, "fields": {"name": "Organization roles", "code": "Ro_10_10", "status": "active", "date_added": "2020-10-25T09:25:36.938Z"}}, {"model": "tidp.role", "pk": 155, "fields": {"name": "Overhead wires engineer", "code": "Ro_50_20_59", "status": "active", "date_added": "2020-10-25T09:25:36.945Z"}}, {"model": "tidp.role", "pk": 156, "fields": {"name": "Painter and decorator", "code": "Ro_70_50_60", "status": "active", "date_added": "2020-10-25T09:25:36.953Z"}}, {"model": "tidp.role", "pk": 157, "fields": {"name": "Partition installer", "code": "Ro_70_50_61", "status": "active", "date_added": "2020-10-25T09:25:36.959Z"}}, {"model": "tidp.role", "pk": 158, "fields": {"name": "Partner", "code": "Ro_10_10_60", "status": "active", "date_added": "2020-10-25T09:25:36.965Z"}}, {"model": "tidp.role", "pk": 159, "fields": {"name": "Party wall surveyor", "code": "Ro_30_30_60", "status": "active", "date_added": "2020-10-25T09:25:36.970Z"}}, {"model": "tidp.role", "pk": 160, "fields": {"name": "Paving and surfacing installer", "code": "Ro_70_50_62", "status": "active", "date_added": "2020-10-25T09:25:36.975Z"}}, {"model": "tidp.role", "pk": 161, "fields": {"name": "Pipe fitter", "code": "Ro_70_60_63", "status": "active", "date_added": "2020-10-25T09:25:36.981Z"}}, {"model": "tidp.role", "pk": 162, "fields": {"name": "Planning consultant", "code": "Ro_70_10_64", "status": "active", "date_added": "2020-10-25T09:25:36.989Z"}}, {"model": "tidp.role", "pk": 163, "fields": {"name": "Planning officer", "code": "Ro_30_30_65", "status": "active", "date_added": "2020-10-25T09:25:36.995Z"}}, {"model": "tidp.role", "pk": 164, "fields": {"name": "Plasterer", "code": "Ro_70_50_65", "status": "active", "date_added": "2020-10-25T09:25:37.001Z"}}, {"model": "tidp.role", "pk": 165, "fields": {"name": "Plumber", "code": "Ro_70_60_66", "status": "active", "date_added": "2020-10-25T09:25:37.012Z"}}, {"model": "tidp.role", "pk": 166, "fields": {"name": "President", "code": "Ro_10_10_65", "status": "active", "date_added": "2020-10-25T09:25:37.017Z"}}, {"model": "tidp.role", "pk": 167, "fields": {"name": "Principal", "code": "Ro_10_10_70", "status": "active", "date_added": "2020-10-25T09:25:37.022Z"}}, {"model": "tidp.role", "pk": 168, "fields": {"name": "Principal contractor", "code": "Ro_30_30_67", "status": "active", "date_added": "2020-10-25T09:25:37.028Z"}}, {"model": "tidp.role", "pk": 169, "fields": {"name": "Principal designer", "code": "Ro_30_30_68", "status": "active", "date_added": "2020-10-25T09:25:37.036Z"}}, {"model": "tidp.role", "pk": 170, "fields": {"name": "Process engineer", "code": "Ro_50_20_65", "status": "active", "date_added": "2020-10-25T09:25:37.042Z"}}, {"model": "tidp.role", "pk": 171, "fields": {"name": "Procurement consultant", "code": "Ro_10_40_65", "status": "active", "date_added": "2020-10-25T09:25:37.047Z"}}, {"model": "tidp.role", "pk": 172, "fields": {"name": "Programme lead", "code": "Ro_30_50_69", "status": "active", "date_added": "2020-10-25T09:25:37.054Z"}}, {"model": "tidp.role", "pk": 173, "fields": {"name": "Project lead", "code": "Ro_30_50_70", "status": "active", "date_added": "2020-10-25T09:25:37.060Z"}}, {"model": "tidp.role", "pk": 174, "fields": {"name": "Project manager", "code": "Ro_30_10_67", "status": "active", "date_added": "2020-10-25T09:25:37.065Z"}}, {"model": "tidp.role", "pk": 175, "fields": {"name": "Protection officer", "code": "Ro_70_65_66", "status": "active", "date_added": "2020-10-25T09:25:37.070Z"}}, {"model": "tidp.role", "pk": 176, "fields": {"name": "Rail and road roles", "code": "Ro_70_70", "status": "active", "date_added": "2020-10-25T09:25:37.076Z"}}, {"model": "tidp.role", "pk": 177, "fields": {"name": "Rail engineer", "code": "Ro_50_20_70", "status": "active", "date_added": "2020-10-25T09:25:37.081Z"}}, {"model": "tidp.role", "pk": 178, "fields": {"name": "Rail labourer", "code": "Ro_70_70_68", "status": "active", "date_added": "2020-10-25T09:25:37.096Z"}}, {"model": "tidp.role", "pk": 179, "fields": {"name": "Rail track layer", "code": "Ro_70_70_70", "status": "active", "date_added": "2020-10-25T09:25:37.102Z"}}, {"model": "tidp.role", "pk": 180, "fields": {"name": "Rail traction technician", "code": "Ro_70_70_72", "status": "active", "date_added": "2020-10-25T09:25:37.109Z"}}, {"model": "tidp.role", "pk": 181, "fields": {"name": "Reliability engineer", "code": "Ro_50_20_72", "status": "active", "date_added": "2020-10-25T09:25:37.120Z"}}, {"model": "tidp.role", "pk": 182, "fields": {"name": "Rolling stock engineer", "code": "Ro_50_20_74", "status": "active", "date_added": "2020-10-25T09:25:37.127Z"}}, {"model": "tidp.role", "pk": 183, "fields": {"name": "Roofer", "code": "Ro_70_50_72", "status": "active", "date_added": "2020-10-25T09:25:37.135Z"}}, {"model": "tidp.role", "pk": 184, "fields": {"name": "Safety manager", "code": "Ro_10_40_74", "status": "active", "date_added": "2020-10-25T09:25:37.142Z"}}, {"model": "tidp.role", "pk": 185, "fields": {"name": "Scaffolder", "code": "Ro_70_50_76", "status": "active", "date_added": "2020-10-25T09:25:37.148Z"}}, {"model": "tidp.role", "pk": 186, "fields": {"name": "Security alarm system installer", "code": "Ro_70_60_77", "status": "active", "date_added": "2020-10-25T09:25:37.156Z"}}, {"model": "tidp.role", "pk": 187, "fields": {"name": "Security consultant", "code": "Ro_10_40_76", "status": "active", "date_added": "2020-10-25T09:25:37.164Z"}}, {"model": "tidp.role", "pk": 188, "fields": {"name": "Services insulation intaller", "code": "Ro_70_60_78", "status": "active", "date_added": "2020-10-25T09:25:37.171Z"}}, {"model": "tidp.role", "pk": 189, "fields": {"name": "Services trades", "code": "Ro_70_60", "status": "active", "date_added": "2020-10-25T09:25:37.179Z"}}, {"model": "tidp.role", "pk": 190, "fields": {"name": "Signage designer", "code": "Ro_50_10_80", "status": "active", "date_added": "2020-10-25T09:25:37.188Z"}}, {"model": "tidp.role", "pk": 191, "fields": {"name": "Signalling engineer", "code": "Ro_50_20_79", "status": "active", "date_added": "2020-10-25T09:25:37.194Z"}}, {"model": "tidp.role", "pk": 192, "fields": {"name": "Signalling technician", "code": "Ro_70_65_79", "status": "active", "date_added": "2020-10-25T09:25:37.199Z"}}, {"model": "tidp.role", "pk": 193, "fields": {"name": "Site investigation consultant", "code": "Ro_70_10_80", "status": "active", "date_added": "2020-10-25T09:25:37.205Z"}}, {"model": "tidp.role", "pk": 194, "fields": {"name": "Site management roles", "code": "Ro_70_65", "status": "active", "date_added": "2020-10-25T09:25:37.211Z"}}, {"model": "tidp.role", "pk": 195, "fields": {"name": "Site roles", "code": "Ro_70", "status": "active", "date_added": "2020-10-25T09:25:37.216Z"}}, {"model": "tidp.role", "pk": 196, "fields": {"name": "Software vendor", "code": "Ro_30_40_79", "status": "active", "date_added": "2020-10-25T09:25:37.221Z"}}, {"model": "tidp.role", "pk": 197, "fields": {"name": "Sprinkler system installer", "code": "Ro_70_60_81", "status": "active", "date_added": "2020-10-25T09:25:37.227Z"}}, {"model": "tidp.role", "pk": 198, "fields": {"name": "Steel erector", "code": "Ro_70_50_83", "status": "active", "date_added": "2020-10-25T09:25:37.232Z"}}, {"model": "tidp.role", "pk": 199, "fields": {"name": "Steel fixer", "code": "Ro_70_50_84", "status": "active", "date_added": "2020-10-25T09:25:37.237Z"}}, {"model": "tidp.role", "pk": 200, "fields": {"name": "Stonemason", "code": "Ro_70_50_85", "status": "active", "date_added": "2020-10-25T09:25:37.242Z"}}, {"model": "tidp.role", "pk": 201, "fields": {"name": "Street works operative", "code": "Ro_70_70_85", "status": "active", "date_added": "2020-10-25T09:25:37.247Z"}}, {"model": "tidp.role", "pk": 202, "fields": {"name": "Supplier", "code": "Ro_30_40_86", "status": "active", "date_added": "2020-10-25T09:25:37.252Z"}}, {"model": "tidp.role", "pk": 203, "fields": {"name": "Supplier roles", "code": "Ro_30_40", "status": "active", "date_added": "2020-10-25T09:25:37.258Z"}}, {"model": "tidp.role", "pk": 204, "fields": {"name": "Support roles", "code": "Ro_10_80", "status": "active", "date_added": "2020-10-25T09:25:37.264Z"}}, {"model": "tidp.role", "pk": 205, "fields": {"name": "Surveyor and planner roles", "code": "Ro_70_10", "status": "active", "date_added": "2020-10-25T09:25:37.272Z"}}, {"model": "tidp.role", "pk": 206, "fields": {"name": "Sustainability consultant", "code": "Ro_70_30_85", "status": "active", "date_added": "2020-10-25T09:25:37.281Z"}}, {"model": "tidp.role", "pk": 207, "fields": {"name": "Systems engineer", "code": "Ro_50_20_86", "status": "active", "date_added": "2020-10-25T09:25:37.291Z"}}, {"model": "tidp.role", "pk": 208, "fields": {"name": "Task team lead", "code": "Ro_30_50_90", "status": "active", "date_added": "2020-10-25T09:25:37.297Z"}}, {"model": "tidp.role", "pk": 209, "fields": {"name": "Team lead roles", "code": "Ro_30_50", "status": "active", "date_added": "2020-10-25T09:25:37.303Z"}}, {"model": "tidp.role", "pk": 210, "fields": {"name": "Technical author", "code": "Ro_10_80_90", "status": "active", "date_added": "2020-10-25T09:25:37.309Z"}}, {"model": "tidp.role", "pk": 211, "fields": {"name": "Technician", "code": "Ro_10_10_88", "status": "active", "date_added": "2020-10-25T09:25:37.315Z"}}, {"model": "tidp.role", "pk": 212, "fields": {"name": "Technology consultant", "code": "Ro_10_30_88", "status": "active", "date_added": "2020-10-25T09:25:37.320Z"}}, {"model": "tidp.role", "pk": 213, "fields": {"name": "Telecommunication engineer", "code": "Ro_50_20_88", "status": "active", "date_added": "2020-10-25T09:25:37.326Z"}}, {"model": "tidp.role", "pk": 214, "fields": {"name": "Telecommunications installer", "code": "Ro_70_60_87", "status": "active", "date_added": "2020-10-25T09:25:37.332Z"}}, {"model": "tidp.role", "pk": 215, "fields": {"name": "Tiler", "code": "Ro_70_50_88", "status": "active", "date_added": "2020-10-25T09:25:37.337Z"}}, {"model": "tidp.role", "pk": 216, "fields": {"name": "Timetable assurance coordinator", "code": "Ro_10_40_86", "status": "active", "date_added": "2020-10-25T09:25:37.343Z"}}, {"model": "tidp.role", "pk": 217, "fields": {"name": "Traffic consultant", "code": "Ro_10_40_88", "status": "active", "date_added": "2020-10-25T09:25:37.351Z"}}, {"model": "tidp.role", "pk": 218, "fields": {"name": "Traffic engineer", "code": "Ro_50_20_90", "status": "active", "date_added": "2020-10-25T09:25:37.356Z"}}, {"model": "tidp.role", "pk": 219, "fields": {"name": "Transportation manager", "code": "Ro_10_40_90", "status": "active", "date_added": "2020-10-25T09:25:37.362Z"}}, {"model": "tidp.role", "pk": 220, "fields": {"name": "Tunnel engineer", "code": "Ro_50_20_91", "status": "active", "date_added": "2020-10-25T09:25:37.368Z"}}, {"model": "tidp.role", "pk": 221, "fields": {"name": "Utilities surveyor", "code": "Ro_70_10_93", "status": "active", "date_added": "2020-10-25T09:25:37.373Z"}}, {"model": "tidp.role", "pk": 222, "fields": {"name": "Vice chairman", "code": "Ro_10_10_94", "status": "active", "date_added": "2020-10-25T09:25:37.378Z"}}, {"model": "tidp.role", "pk": 223, "fields": {"name": "Vice president", "code": "Ro_10_10_95", "status": "active", "date_added": "2020-10-25T09:25:37.383Z"}}, {"model": "tidp.role", "pk": 224, "fields": {"name": "Visual impact assessor", "code": "Ro_70_30_94", "status": "active", "date_added": "2020-10-25T09:25:37.387Z"}}, {"model": "tidp.role", "pk": 225, "fields": {"name": "Water services engineer", "code": "Ro_50_20_96", "status": "active", "date_added": "2020-10-25T09:25:37.393Z"}}, {"model": "tidp.role", "pk": 226, "fields": {"name": "Welder", "code": "Ro_70_60_96", "status": "active", "date_added": "2020-10-25T09:25:37.398Z"}}, {"model": "tidp.tasktype", "pk": 1, "fields": {"title": "File note (FN)", "code": "FI_10_30"}}, {"model": "tidp.tasktype", "pk": 2, "fields": {"title": "Leaflet (LF)", "code": "FI_10_45"}}, {"model": "tidp.tasktype", "pk": 3, "fields": {"title": "Letter (LT)", "code": "FI_10_46"}}, {"model": "tidp.tasktype", "pk": 4, "fields": {"title": "Memo (ME)", "code": "FI_10_50"}}, {"model": "tidp.tasktype", "pk": 5, "fields": {"title": "Minutes (MI)", "code": "FI_10_55"}}, {"model": "tidp.tasktype", "pk": 6, "fields": {"title": "Poster (PO)", "code": "FI_10_59"}}, {"model": "tidp.tasktype", "pk": 7, "fields": {"title": "Presentation (PP)", "code": "FI_10_60"}}, {"model": "tidp.tasktype", "pk": 8, "fields": {"title": "Press release (PE)", "code": "FI_10_65"}}, {"model": "tidp.tasktype", "pk": 9, "fields": {"title": "Request (RI)", "code": "FI_10_70"}}, {"model": "tidp.tasktype", "pk": 10, "fields": {"title": "Technical query (TQ)", "code": "FI_10_86"}}, {"model": "tidp.tasktype", "pk": 11, "fields": {"title": "Transfer note (TN)", "code": "FI_10_88"}}, {"model": "tidp.tasktype", "pk": 12, "fields": {"title": "Transmittal (TL)", "code": "FI_10_90"}}, {"model": "tidp.tasktype", "pk": 13, "fields": {"title": "Application (AP)", "code": "FI_20_05"}}, {"model": "tidp.tasktype", "pk": 14, "fields": {"title": "Contract (CC)", "code": "FI_20_15"}}, {"model": "tidp.tasktype", "pk": 15, "fields": {"title": "Early warning notice (EW)", "code": "FI_20_25"}}, {"model": "tidp.tasktype", "pk": 16, "fields": {"title": "Instruction (IN)", "code": "FI_20_40"}}, {"model": "tidp.tasktype", "pk": 17, "fields": {"title": "Proposal (PS)", "code": "FI_20_65"}}, {"model": "tidp.tasktype", "pk": 18, "fields": {"title": "Requisition (RQ)", "code": "FI_20_70"}}, {"model": "tidp.tasktype", "pk": 19, "fields": {"title": "Subcontract order (SO)", "code": "FI_20_85"}}, {"model": "tidp.tasktype", "pk": 20, "fields": {"title": "Variation (VA)", "code": "FI_20_95"}}, {"model": "tidp.tasktype", "pk": 21, "fields": {"title": "Database (DB)", "code": "FI_30_20"}}, {"model": "tidp.tasktype", "pk": 22, "fields": {"title": "Data set (DS)", "code": "FI_30_22"}}, {"model": "tidp.tasktype", "pk": 23, "fields": {"title": "Information exchange file (IE)", "code": "FI_30_40"}}, {"model": "tidp.tasktype", "pk": 24, "fields": {"title": "Room data sheet (RD)", "code": "FI_30_70"}}, {"model": "tidp.tasktype", "pk": 25, "fields": {"title": "Schedule of accommodation (SA)", "code": "FI_30_80"}}, {"model": "tidp.tasktype", "pk": 26, "fields": {"title": "Calculations (CA)", "code": "FI_40_10"}}, {"model": "tidp.tasktype", "pk": 27, "fields": {"title": "Scope of works (SW)", "code": "FI_40_78"}}, {"model": "tidp.tasktype", "pk": 28, "fields": {"title": "Specification (SP)", "code": "FI_40_80"}}, {"model": "tidp.tasktype", "pk": 29, "fields": {"title": "Bill of quantities (BQ)", "code": "FI_50_10"}}, {"model": "tidp.tasktype", "pk": 30, "fields": {"title": "Cost plan (CP)", "code": "FI_50_15"}}, {"model": "tidp.tasktype", "pk": 31, "fields": {"title": "Estimate (ES)", "code": "FI_50_27"}}, {"model": "tidp.tasktype", "pk": 32, "fields": {"title": "Invoice (IV)", "code": "FI_50_40"}}, {"model": "tidp.tasktype", "pk": 33, "fields": {"title": "Animation file (AF)", "code": "FI_60_05"}}, {"model": "tidp.tasktype", "pk": 34, "fields": {"title": "Clash rendition (CR)", "code": "FI_60_15"}}, {"model": "tidp.tasktype", "pk": 35, "fields": {"title": "Combined model (CM)", "code": "FI_60_17"}}, {"model": "tidp.tasktype", "pk": 36, "fields": {"title": "Drawing (DG)", "code": "FI_60_20"}}, {"model": "tidp.tasktype", "pk": 37, "fields": {"title": "Drawing rendition (DR)", "code": "FI_60_25"}}, {"model": "tidp.tasktype", "pk": 38, "fields": {"title": "Image (IM)", "code": "FI_60_40"}}, {"model": "tidp.tasktype", "pk": 39, "fields": {"title": "Model rendition (MR)", "code": "FI_60_50"}}, {"model": "tidp.tasktype", "pk": 40, "fields": {"title": "Model  three-dimensional (M3)", "code": "FI_60_53"}}, {"model": "tidp.tasktype", "pk": 41, "fields": {"title": "Model  two-dimensional (M2)", "code": "FI_60_55"}}, {"model": "tidp.tasktype", "pk": 42, "fields": {"title": "Photograph (PH)", "code": "FI_60_60"}}, {"model": "tidp.tasktype", "pk": 43, "fields": {"title": "Schematic (SC)", "code": "FI_60_76"}}, {"model": "tidp.tasktype", "pk": 44, "fields": {"title": "Sketch (SK)", "code": "FI_60_80"}}, {"model": "tidp.tasktype", "pk": 45, "fields": {"title": "Visualization (VS)", "code": "FI_60_95"}}, {"model": "tidp.tasktype", "pk": 46, "fields": {"title": "Protocol (PZ)", "code": "FI_70_65"}}, {"model": "tidp.tasktype", "pk": 47, "fields": {"title": "Regulation (RN)", "code": "FI_70_72"}}, {"model": "tidp.tasktype", "pk": 48, "fields": {"title": "Standard (SD)", "code": "FI_70_85"}}, {"model": "tidp.tasktype", "pk": 49, "fields": {"title": "Method statement (MS)", "code": "FI_80_50"}}, {"model": "tidp.tasktype", "pk": 50, "fields": {"title": "Policy (PY)", "code": "FI_80_60"}}, {"model": "tidp.tasktype", "pk": 51, "fields": {"title": "Procedure (PC)", "code": "FI_80_63"}}, {"model": "tidp.tasktype", "pk": 52, "fields": {"title": "Programme (PR)", "code": "FI_80_65"}}, {"model": "tidp.tasktype", "pk": 53, "fields": {"title": "Strategy (SY)", "code": "FI_80_85"}}, {"model": "tidp.tasktype", "pk": 54, "fields": {"title": "Certificate (CE)", "code": "FI_90_13"}}, {"model": "tidp.tasktype", "pk": 55, "fields": {"title": "Chart (CH)", "code": "FI_90_15"}}, {"model": "tidp.tasktype", "pk": 56, "fields": {"title": "Data sheet (DT)", "code": "FI_90_21"}}, {"model": "tidp.tasktype", "pk": 57, "fields": {"title": "Diary entry (DE)", "code": "FI_90_23"}}, {"model": "tidp.tasktype", "pk": 58, "fields": {"title": "Directory (DY)", "code": "FI_90_24"}}, {"model": "tidp.tasktype", "pk": 59, "fields": {"title": "Form (FM)", "code": "FI_90_30"}}, {"model": "tidp.tasktype", "pk": 60, "fields": {"title": "Guide (GU)", "code": "FI_90_35"}}, {"model": "tidp.tasktype", "pk": 61, "fields": {"title": "Health and safety (HS)", "code": "FI_90_37"}}, {"model": "tidp.tasktype", "pk": 62, "fields": {"title": "List (LI)", "code": "FI_90_45"}}, {"model": "tidp.tasktype", "pk": 63, "fields": {"title": "Log (LG)", "code": "FI_90_47"}}, {"model": "tidp.tasktype", "pk": 64, "fields": {"title": "Manual (MA)", "code": "FI_90_50"}}, {"model": "tidp.tasktype", "pk": 65, "fields": {"title": "Matrix (MX)", "code": "FI_90_52"}}, {"model": "tidp.tasktype", "pk": 66, "fields": {"title": "Permit (PT)", "code": "FI_90_60"}}, {"model": "tidp.tasktype", "pk": 67, "fields": {"title": "Plan (PL)", "code": "FI_90_64"}}, {"model": "tidp.tasktype", "pk": 68, "fields": {"title": "Process workflow (PW)", "code": "FI_90_66"}}, {"model": "tidp.tasktype", "pk": 69, "fields": {"title": "Register (RG)", "code": "FI_90_70"}}, {"model": "tidp.tasktype", "pk": 70, "fields": {"title": "Report (RP)", "code": "FI_90_72"}}, {"model": "tidp.tasktype", "pk": 71, "fields": {"title": "Schedule or table (SH)", "code": "FI_90_75"}}, {"model": "tidp.tasktype", "pk": 72, "fields": {"title": "Snagging list (SN)", "code": "FI_90_80"}}, {"model": "tidp.tasktype", "pk": 73, "fields": {"title": "Study (ST)", "code": "FI_90_83"}}, {"model": "tidp.tasktype", "pk": 74, "fields": {"title": "Survey (SU)", "code": "FI_90_85"}}, {"model": "tidp.tasktype", "pk": 75, "fields": {"title": "Technology file (TF)", "code": "FI_90_86"}}, {"model": "tidp.tasktype", "pk": 76, "fields": {"title": "Test result (TR)", "code": "FI_90_87"}}, {"model": "tidp.tasktype", "pk": 77, "fields": {"title": "Template (TE)", "code": "FI_90_88"}}, {"model": "tidp.tasktype", "pk": 78, "fields": {"title": "Training record (TG)", "code": "FI_90_90"}}, {"model": "tidp.tasktype", "pk": 79, "fields": {"title": "Valuation (VL)", "code": "FI_90_94"}}, {"model": "tidp.task", "pk": 1, "fields": {"description": "Ground Floor Plan", "uniclass_code": "xxxx", "discipline": 3, "discipline_category": 1, "role": 3, "task_type": 37}}, {"model": "tidp.projectscale", "pk": 1, "fields": {"scale": 10}}, {"model": "tidp.projectscale", "pk": 2, "fields": {"scale": 20}}, {"model": "tidp.projectscale", "pk": 3, "fields": {"scale": 50}}, {"model": "tidp.projectscale", "pk": 4, "fields": {"scale": 100}}, {"model": "tidp.projectscale", "pk": 5, "fields": {"scale": 200}}, {"model": "tidp.projectscale", "pk": 6, "fields": {"scale": 500}}, {"model": "tidp.projectscale", "pk": 7, "fields": {"scale": 1000}}, {"model": "tidp.project", "pk": 1, "fields": {"name": "New covid-19 isolation building", "client": 1, "number": "BW001", "code": "MID001", "discipline": 3, "discipline_category": 3, "midp_tipd_template": "standard_template", "created": "2020-10-26T09:38:54.910Z", "updated": "2020-10-26T09:38:54.916Z", "author": 1}}, {"model": "tidp.project", "pk": 2, "fields": {"name": "New Vault Building", "client": 1, "number": "VB001", "code": "N001", "discipline": 2, "discipline_category": 17, "midp_tipd_template": "balfour_beatty_template", "created": "2020-10-28T17:14:14.249Z", "updated": "2020-10-28T17:14:14.257Z", "author": 1}}, {"model": "tidp.project", "pk": 3, "fields": {"name": "Beckett Park", "client": 3, "number": "0001111", "code": "BCKP", "discipline": 3, "discipline_category": 1, "midp_tipd_template": "standard_template", "created": "2020-10-28T18:06:07.707Z", "updated": "2020-10-28T18:06:07.719Z", "author": 1}}, {"model": "tidp.taskleader", "pk": 2, "fields": {"user": 2, "project": 1, "company": 2, "contact_person": "Munir", "contact_email": "intenttech@hotmail.com", "roles": [3]}}, {"model": "tidp.taskleader", "pk": 3, "fields": {"user": 3, "project": 2, "company": 2, "contact_person": "Munir", "contact_email": "m.oloso@intenttech.com", "roles": [3, 5]}}, {"model": "tidp.taskleader", "pk": 4, "fields": {"user": 6, "project": 3, "company": 1, "contact_person": "SO", "contact_email": "mailsaheedajayi@yahoo.com", "roles": [3, 5]}}, {"model": "tidp.taskleader", "pk": 5, "fields": {"user": 7, "project": 3, "company": 1, "contact_person": "Muhammad Abbas", "contact_email": "M.A.Abbas@leedsbeckett.ac.uk", "roles": [7]}}, {"model": "tidp.taskmember", "pk": 3, "fields": {"user": 3, "project": 1, "company": 2, "contact_person": "Tester", "contact_email": "m.oloso@intenttech.com", "roles": [3]}}, {"model": "tidp.taskmember", "pk": 4, "fields": {"user": 4, "project": 2, "company": 2, "contact_person": "Saheed Ajayi", "contact_email": "s.ajayi@leedsbeckett.ac.uk", "roles": [3, 5]}}, {"model": "tidp.taskmember", "pk": 5, "fields": {"user": 5, "project": 2, "company": 2, "contact_person": "Second", "contact_email": "ajadioloso@gmail.com", "roles": [3, 5]}}, {"model": "tidp.projectrole", "pk": 2, "fields": {"project": 1, "role": 3, "company": 2, "comment": "checking", "status": "approved", "is_active": false}}, {"model": "tidp.projectrole", "pk": 3, "fields": {"project": 2, "role": 3, "company": 2, "comment": "Admitting Architect role", "status": "approved", "is_active": false}}, {"model": "tidp.projectrole", "pk": 4, "fields": {"project": 2, "role": 5, "company": 2, "comment": "checking functionality", "status": "approved", "is_active": false}}, {"model": "tidp.projectrole", "pk": 5, "fields": {"project": 3, "role": 3, "company": 1, "comment": "", "status": "not_sent", "is_active": true}}, {"model": "tidp.projectrole", "pk": 6, "fields": {"project": 3, "role": 5, "company": 1, "comment": "", "status": "not_sent", "is_active": true}}, {"model": "tidp.projectrole", "pk": 7, "fields": {"project": 3, "role": 7, "company": 1, "comment": "", "status": "not_sent", "is_active": true}}, {"model": "tidp.projecttask", "pk": 1, "fields": {"project_role": 2, "description": "project Initialization Meeting_1", "uniclass_code": "COVID-001", "discipline": 3, "discipline_category": 3, "task_type": 27, "volume": "101", "level": "230", "task_category": "Reports", "exchange_formats": "1", "scale_or_size": null, "eir_reference": "", "pir_reference": "", "air_reference": "", "location": "", "estimated_production_duration": "", "code": 1, "created": "2020-10-26T12:37:07.720Z", "updated": "2020-10-27T19:25:42.081Z"}}, {"model": "tidp.projecttask", "pk": 2, "fields": {"project_role": 2, "description": "project campaign", "uniclass_code": "001", "discipline": 3, "discipline_category": 3, "task_type": 4, "volume": "101", "level": "230", "task_category": "Reports", "exchange_formats": "1", "scale_or_size": null, "eir_reference": "", "pir_reference": "", "air_reference": "", "location": "", "estimated_production_duration": "", "code": 1, "created": "2020-10-26T12:38:31.990Z", "updated": "2020-10-27T19:25:42.078Z"}}, {"model": "tidp.projecttask", "pk": 3, "fields": {"project_role": 2, "description": "FIRST FLOOR GA PLAN", "uniclass_code": "0001", "discipline": 3, "discipline_category": 3, "task_type": 37, "volume": "101", "level": "230", "task_category": "Reports", "exchange_formats": "1", "scale_or_size": null, "eir_reference": "", "pir_reference": "", "air_reference": "", "location": "", "estimated_production_duration": "", "code": 4, "created": "2020-10-27T18:18:51.917Z", "updated": "2020-10-27T19:25:42.099Z"}}, {"model": "tidp.projecttask", "pk": 4, "fields": {"project_role": 2, "description": "FIRST FLOOR GROSS AREA PLAN", "uniclass_code": "0002", "discipline": 3, "discipline_category": 3, "task_type": 37, "volume": "101", "level": "230", "task_category": "Reports", "exchange_formats": "1", "scale_or_size": null, "eir_reference": "", "pir_reference": "", "air_reference": "", "location": "", "estimated_production_duration": "", "code": 5, "created": "2020-10-27T18:18:51.938Z", "updated": "2020-10-27T19:25:42.101Z"}}, {"model": "tidp.projecttask", "pk": 5, "fields": {"project_role": 2, "description": "FIRST FLOOR ZONING PLAN", "uniclass_code": "0003", "discipline": 3, "discipline_category": 3, "task_type": 37, "volume": "101", "level": "230", "task_category": "Reports", "exchange_formats": "1", "scale_or_size": null, "eir_reference": "", "pir_reference": "", "air_reference": "", "location": "", "estimated_production_duration": "", "code": 6, "created": "2020-10-27T18:18:51.962Z", "updated": "2020-10-27T19:25:42.104Z"}}, {"model": "tidp.projecttask", "pk": 6, "fields": {"project_role": 2, "description": "SECOND FLOOR GA PLAN", "uniclass_code": "0004", "discipline": 3, "discipline_category": 3, "task_type": 37, "volume": "101", "level": "230", "task_category": "Reports", "exchange_formats": "1", "scale_or_size": null, "eir_reference": "", "pir_reference": "", "air_reference": "", "location": "", "estimated_production_duration": "", "code": 1, "created": "2020-10-27T18:18:51.997Z", "updated": "2020-10-27T19:25:42.091Z"}}, {"model": "tidp.projecttask", "pk": 7, "fields": {"project_role": 2, "description": "SECOND FLOOR GROSS AREA PLAN", "uniclass_code": "0005", "discipline": 3, "discipline_category": 3, "task_type": 37, "volume": "101", "level": "230", "task_category": "Reports", "exchange_formats": "1", "scale_or_size": null, "eir_reference": "", "pir_reference": "", "air_reference": "", "location": "", "estimated_production_duration": "", "code": 2, "created": "2020-10-27T18:18:52.038Z", "updated": "2020-10-27T19:25:42.093Z"}}, {"model": "tidp.projecttask", "pk": 8, "fields": {"project_role": 2, "description": "SECOND FLOOR ZONING PLAN", "uniclass_code": "0006", "discipline": 3, "discipline_category": 3, "task_type": 37, "volume": "101", "level": "230", "task_category": "Reports", "exchange_formats": "1", "scale_or_size": null, "eir_reference": "", "pir_reference": "", "air_reference": "", "location": "", "estimated_production_duration": "", "code": 3, "created": "2020-10-27T18:18:52.061Z", "updated": "2020-10-27T19:25:42.096Z"}}, {"model": "tidp.projecttask", "pk": 9, "fields": {"project_role": 2, "description": "HSE ASSESSMENT", "uniclass_code": "0007", "discipline": 3, "discipline_category": 3, "task_type": 27, "volume": "101", "level": "230", "task_category": "Reports", "exchange_formats": "1", "scale_or_size": null, "eir_reference": "", "pir_reference": "", "air_reference": "", "location": "", "estimated_production_duration": "", "code": 2, "created": "2020-10-27T18:18:52.098Z", "updated": "2020-10-27T19:25:42.084Z"}}, {"model": "tidp.projecttask", "pk": 10, "fields": {"project_role": 2, "description": "ENVIRONMENT IMPACT ASSESSMENT", "uniclass_code": "0008", "discipline": 3, "discipline_category": 3, "task_type": 27, "volume": "101", "level": "230", "task_category": "Reports", "exchange_formats": "1", "scale_or_size": null, "eir_reference": "", "pir_reference": "", "air_reference": "", "location": "", "estimated_production_duration": "", "code": 3, "created": "2020-10-27T18:18:52.137Z", "updated": "2020-10-27T19:25:42.086Z"}}, {"model": "tidp.projecttask", "pk": 11, "fields": {"project_role": 2, "description": "FIRST AID PLAN", "uniclass_code": "0009", "discipline": 3, "discipline_category": 3, "task_type": 27, "volume": "102", "level": "230", "task_category": "Reports", "exchange_formats": "1", "scale_or_size": null, "eir_reference": "", "pir_reference": "", "air_reference": "", "location": "", "estimated_production_duration": "", "code": 4, "created": "2020-10-27T18:18:52.171Z", "updated": "2020-10-27T22:26:06.835Z"}}, {"model": "tidp.projecttask", "pk": 12, "fields": {"project_role": 3, "description": "FIRST FLOOR GA PLAN", "uniclass_code": "0001", "discipline": 2, "discipline_category": 17, "task_type": 37, "volume": "006", "level": "", "task_category": "", "exchange_formats": "", "scale_or_size": null, "eir_reference": "", "pir_reference": "", "air_reference": "", "location": "Leeds", "estimated_production_duration": "1 week", "code": 2, "created": "2020-10-28T17:20:59.590Z", "updated": "2020-10-28T18:35:16.109Z"}}, {"model": "tidp.projecttask", "pk": 13, "fields": {"project_role": 3, "description": "FIRST FLOOR GROSS AREA PLAN", "uniclass_code": "0002", "discipline": 2, "discipline_category": 17, "task_type": 37, "volume": "006", "level": "", "task_category": "", "exchange_formats": "", "scale_or_size": null, "eir_reference": "", "pir_reference": "", "air_reference": "", "location": "Leeds", "estimated_production_duration": "1 week", "code": 5, "created": "2020-10-28T17:20:59.618Z", "updated": "2020-10-28T18:35:16.119Z"}}, {"model": "tidp.projecttask", "pk": 14, "fields": {"project_role": 3, "description": "FIRST FLOOR ZONING PLAN", "uniclass_code": "0003", "discipline": 2, "discipline_category": 17, "task_type": 37, "volume": "006", "level": "", "task_category": "", "exchange_formats": "", "scale_or_size": null, "eir_reference": "", "pir_reference": "", "air_reference": "", "location": "Leeds", "estimated_production_duration": "1 week", "code": 6, "created": "2020-10-28T17:20:59.638Z", "updated": "2020-10-28T18:35:16.122Z"}}, {"model": "tidp.projecttask", "pk": 15, "fields": {"project_role": 3, "description": "SECOND FLOOR GA PLAN", "uniclass_code": "0004", "discipline": 2, "discipline_category": 17, "task_type": 37, "volume": "006", "level": "", "task_category": "", "exchange_formats": "", "scale_or_size": null, "eir_reference": "", "pir_reference": "", "air_reference": "", "location": "Leeds", "estimated_production_duration": "1 week", "code": 1, "created": "2020-10-28T17:20:59.681Z", "updated": "2020-10-28T18:35:16.106Z"}}, {"model": "tidp.projecttask", "pk": 16, "fields": {"project_role": 3, "description": "SECOND FLOOR GROSS AREA PLAN", "uniclass_code": "0005", "discipline": 2, "discipline_category": 17, "task_type": 37, "volume": "006", "level": "", "task_category": "", "exchange_formats": "", "scale_or_size": null, "eir_reference": "", "pir_reference": "", "air_reference": "", "location": "Leeds", "estimated_production_duration": "1 week", "code": 4, "created": "2020-10-28T17:20:59.701Z", "updated": "2020-10-28T18:35:16.115Z"}}, {"model": "tidp.projecttask", "pk": 17, "fields": {"project_role": 3, "description": "SECOND FLOOR ZONING PLAN", "uniclass_code": "0006", "discipline": 2, "discipline_category": 17, "task_type": 37, "volume": "006", "level": "", "task_category": "", "exchange_formats": "", "scale_or_size": null, "eir_reference": "", "pir_reference": "", "air_reference": "", "location": "Leeds", "estimated_production_duration": "1 week", "code": 3, "created": "2020-10-28T17:20:59.718Z", "updated": "2020-10-28T18:35:16.112Z"}}, {"model": "tidp.projecttask", "pk": 18, "fields": {"project_role": 3, "description": "HSE ASSESSMENT", "uniclass_code": "0007", "discipline": 2, "discipline_category": 17, "task_type": 27, "volume": "006", "level": "", "task_category": "", "exchange_formats": "", "scale_or_size": null, "eir_reference": "", "pir_reference": "", "air_reference": "", "location": "Leeds", "estimated_production_duration": "1 week", "code": 1, "created": "2020-10-28T17:20:59.744Z", "updated": "2020-10-28T18:35:16.097Z"}}, {"model": "tidp.projecttask", "pk": 19, "fields": {"project_role": 3, "description": "ENVIRONMENT IMPACT ASSESSMENT", "uniclass_code": "0008", "discipline": 2, "discipline_category": 17, "task_type": 27, "volume": "006", "level": "", "task_category": "", "exchange_formats": "", "scale_or_size": null, "eir_reference": "", "pir_reference": "", "air_reference": "", "location": "Leeds", "estimated_production_duration": "1 week", "code": 2, "created": "2020-10-28T17:20:59.769Z", "updated": "2020-10-28T18:35:16.100Z"}}, {"model": "tidp.projecttask", "pk": 20, "fields": {"project_role": 3, "description": "FIRST AID PLAN", "uniclass_code": "0009", "discipline": 2, "discipline_category": 17, "task_type": 27, "volume": "006", "level": "", "task_category": "", "exchange_formats": "", "scale_or_size": null, "eir_reference": "", "pir_reference": "", "air_reference": "", "location": "Leeds", "estimated_production_duration": "1 week", "code": 3, "created": "2020-10-28T17:20:59.784Z", "updated": "2020-10-28T18:35:16.103Z"}}, {"model": "tidp.projecttask", "pk": 21, "fields": {"project_role": 4, "description": "FIRST FLOOR GA PLAN", "uniclass_code": "0001", "discipline": 2, "discipline_category": 17, "task_type": 37, "volume": "002", "level": "", "task_category": "", "exchange_formats": "", "scale_or_size": null, "eir_reference": "", "pir_reference": "", "air_reference": "", "location": "ddd", "estimated_production_duration": "1month", "code": 5, "created": "2020-10-28T17:21:12.323Z", "updated": "2020-10-28T18:32:24.803Z"}}, {"model": "tidp.projecttask", "pk": 22, "fields": {"project_role": 4, "description": "FIRST FLOOR GROSS AREA PLAN", "uniclass_code": "0002", "discipline": 2, "discipline_category": 17, "task_type": 37, "volume": "002", "level": "", "task_category": "", "exchange_formats": "", "scale_or_size": null, "eir_reference": "", "pir_reference": "", "air_reference": "", "location": "ddd", "estimated_production_duration": "1month", "code": 6, "created": "2020-10-28T17:21:12.347Z", "updated": "2020-10-28T18:32:24.832Z"}}, {"model": "tidp.projecttask", "pk": 23, "fields": {"project_role": 4, "description": "FIRST FLOOR ZONING PLAN", "uniclass_code": "0003", "discipline": 2, "discipline_category": 17, "task_type": 37, "volume": "002", "level": "", "task_category": "", "exchange_formats": "", "scale_or_size": null, "eir_reference": "", "pir_reference": "", "air_reference": "", "location": "ddd", "estimated_production_duration": "1month", "code": 1, "created": "2020-10-28T17:21:12.373Z", "updated": "2020-10-28T18:32:24.773Z"}}, {"model": "tidp.projecttask", "pk": 24, "fields": {"project_role": 4, "description": "SECOND FLOOR GA PLAN", "uniclass_code": "0004", "discipline": 2, "discipline_category": 17, "task_type": 37, "volume": "003", "level": "", "task_category": "", "exchange_formats": "", "scale_or_size": null, "eir_reference": "", "pir_reference": "", "air_reference": "", "location": "ddd", "estimated_production_duration": "1month", "code": 2, "created": "2020-10-28T17:21:12.394Z", "updated": "2020-10-28T18:32:24.779Z"}}, {"model": "tidp.projecttask", "pk": 25, "fields": {"project_role": 4, "description": "SECOND FLOOR GROSS AREA PLAN", "uniclass_code": "0005", "discipline": 2, "discipline_category": 17, "task_type": 37, "volume": "002", "level": "", "task_category": "", "exchange_formats": "", "scale_or_size": null, "eir_reference": "", "pir_reference": "", "air_reference": "", "location": "ddd", "estimated_production_duration": "1month", "code": 4, "created": "2020-10-28T17:21:12.418Z", "updated": "2020-10-28T18:32:24.797Z"}}, {"model": "tidp.projecttask", "pk": 26, "fields": {"project_role": 4, "description": "SECOND FLOOR ZONING PLAN", "uniclass_code": "0006", "discipline": 2, "discipline_category": 17, "task_type": 37, "volume": "002", "level": "", "task_category": "", "exchange_formats": "", "scale_or_size": null, "eir_reference": "", "pir_reference": "", "air_reference": "", "location": "ddd", "estimated_production_duration": "1month", "code": 3, "created": "2020-10-28T17:21:12.469Z", "updated": "2020-10-28T18:32:24.792Z"}}, {"model": "tidp.projecttask", "pk": 27, "fields": {"project_role": 4, "description": "HSE ASSESSMENT", "uniclass_code": "0007", "discipline": 2, "discipline_category": 17, "task_type": 27, "volume": "004", "level": "", "task_category": "", "exchange_formats": "", "scale_or_size": null, "eir_reference": "", "pir_reference": "", "air_reference": "", "location": "ddd", "estimated_production_duration": "1month", "code": 2, "created": "2020-10-28T17:21:12.510Z", "updated": "2020-10-28T18:32:24.747Z"}}, {"model": "tidp.projecttask", "pk": 28, "fields": {"project_role": 4, "description": "ENVIRONMENT IMPACT ASSESSMENT", "uniclass_code": "0008", "discipline": 2, "discipline_category": 17, "task_type": 27, "volume": "002", "level": "", "task_category": "", "exchange_formats": "", "scale_or_size": null, "eir_reference": "", "pir_reference": "", "air_reference": "", "location": "ddd", "estimated_production_duration": "1month", "code": 3, "created": "2020-10-28T17:21:12.541Z", "updated": "2020-10-28T18:32:24.755Z"}}, {"model": "tidp.projecttask", "pk": 29, "fields": {"project_role": 4, "description": "FIRST AID PLAN", "uniclass_code": "0009", "discipline": 2, "discipline_category": 17, "task_type": 27, "volume": "004", "level": "", "task_category": "", "exchange_formats": "", "scale_or_size": null, "eir_reference": "", "pir_reference": "", "air_reference": "", "location": "ddd", "estimated_production_duration": "1month", "code": 1, "created": "2020-10-28T17:21:12.586Z", "updated": "2020-10-28T18:32:24.741Z"}}, {"model": "tidp.projecttask", "pk": 30, "fields": {"project_role": 5, "description": "Ground Floor Plan", "uniclass_code": "xxxx", "discipline": 3, "discipline_category": 1, "task_type": 37, "volume": "", "level": "", "task_category": "", "exchange_formats": "", "scale_or_size": null, "eir_reference": "", "pir_reference": "", "air_reference": "", "location": "", "estimated_production_duration": "", "code": 0, "created": "2020-10-28T18:07:41.198Z", "updated": "2020-10-28T18:07:41.198Z"}}]